mp_id,first_name,last_name,club,x_mean,x_sd,x_lo90,x_hi90,rhat
507,Małgorzata,Woźniak,PO,-1.3759532561927017,0.18987363979015223,-1.69489145863812,-1.0735339673404085,1.0731710927122473
336,Sławomir,Rybicki,PO,-1.22102227158121,0.404263268435163,-1.9547137644021204,-0.6701562358858563,1.023379351849464
469,Elżbieta,Królikowska-Kińska,PO,-1.1729703519702817,0.1039573830660423,-1.3614445192983855,-1.0152012064244238,1.0230346716758256
472,Teresa,Świło,PO,-1.1690267157021241,0.13421235067295292,-1.4053010683628449,-0.9705770753219497,1.0200496656548947
497,Tadeusz,Naguszewski,PO,-1.1575727093269395,0.14103450068234272,-1.4071475705500844,-0.9510825640881102,1.007516666094348
494,Robert,Maciaszek,PO,-1.153535111642733,0.14846444587586535,-1.4294910820669402,-0.9416996568203212,1.0485394989088805
471,Łukasz,Tusk,PO,-1.125445093180873,0.10962453188357947,-1.3248939103141997,-0.9605646026760674,1.0414016423608874
14,Urszula,Augustyn,PO,-1.1245164793032727,0.08036796425925383,-1.2622750256383073,-1.0004365109747642,1.066116842823973
504,Katarzyna,Stachowicz,PO,-1.1224171846889288,0.13948318696757908,-1.384302731438732,-0.9189391808899631,1.0121411057114489
412,Robert,Wardzała,PO,-1.120957623636043,0.07962299045718381,-1.2517361197722008,-0.9938402263910603,1.0691207473788058
120,Rafał,Grupiński,PO,-1.1191636085909265,0.07393179730126487,-1.245841912660884,-0.9954302019868202,1.0679562826928535
56,Małgorzata,Chomycz,PO,-1.1118186253727067,0.5420803964909494,-2.113407973190203,-0.36204492992626586,1.003296015403878
123,Iwona,Guzowska,PO,-1.1076036197085057,0.06071018656301464,-1.2105749946059845,-1.0072291803025866,1.0445544599825836
115,Cezary,Grabarczyk,PO,-1.1035310567633692,0.0703721578143219,-1.2216473649006763,-0.9940262942394654,1.0090802543969355
32,Joanna,Bobowska,PO,-1.1015943915824327,0.07823085298332205,-1.240567908657227,-0.9867606131925095,1.0302676936713577
252,Izabela,Mrzygłocka,PO,-1.0986461626615882,0.07148183315798251,-1.2223657207673346,-0.9835263652693402,1.0309939715726752
499,Bożena,Henczyca,PO,-1.0970960824428693,0.13103106519129298,-1.3299831138362486,-0.9022915066645899,1.0534405739089627
163,Jan,Kaźmierczak,PO,-1.0967477950345963,0.07333138473100594,-1.2169075047746714,-0.9782291664471003,1.0431425973297386
482,Jan,Rzymełka,PO,-1.0918760544632384,0.09498530780619768,-1.2599626656750984,-0.9458464945313342,1.0217757426680119
511,Marek,Poręba,PO,-1.0910210561064282,0.15404443644152171,-1.36222898836088,-0.8571999922004967,1.0043614780959313
78,Artur,Dunin,PO,-1.0869211648163437,0.07564694868451938,-1.2147293235284222,-0.9668814032618632,1.055183886736824
446,Maciej,Zieliński,PO,-1.075341124670674,0.07037583095327264,-1.1993368572785907,-0.964783178592963,1.0487680929690577
296,Sławomir,Piechota,PO,-1.070009935340746,0.0685663851604528,-1.180048472317273,-0.9597402657446499,1.0709640678761836
386,Tomasz,Szymański,PO,-1.067833347575097,0.06634865205271744,-1.1835042191153582,-0.963230347440057,1.0280126143745425
41,Krzysztof,Brejza,PO,-1.0609544254881922,0.06741929092417255,-1.1675115454978888,-0.9513550211370633,1.0279282449353386
203,Marek,Krząkała,PO,-1.0601902015418947,0.061391731304302796,-1.164868920656746,-0.9623340729894062,1.0085255302027878
389,Iwona,Śledzińska-Katarasińska,PO,-1.056234453420784,0.061223920923389505,-1.1623508504507043,-0.9585962550515474,1.0266537658445347
501,Przemysław,Krysztofiak,PO,-1.0559605021203826,0.10571846281443198,-1.2431027631457368,-0.8947423763942094,1.016774014463634
139,Maria,Janyska,PO,-1.0538519490492235,0.06636114239180946,-1.1647102857479297,-0.9481522011500916,1.0163187659841144
298,Danuta,Pietraszewska,PO,-1.0505611770141807,0.07160597590980089,-1.1701873031659165,-0.9380248443132362,1.0474249543292675
431,Marek,Wójcik,PO,-1.0504040480942376,0.06298540128004385,-1.1595243671767328,-0.9534505128568852,1.0191683611683842
126,Agnieszka,Hanajczyk,PO,-1.0503117028269329,0.0650830285901623,-1.1643212351104577,-0.9480058904598938,1.0271445557689058
368,Paweł,Suski,PO,-1.0499528800911582,0.06647953112025759,-1.1626978996878117,-0.940666995347903,1.034225740200935
63,Czesław,Czechyra,PO,-1.0498513638682236,0.07205864464995135,-1.1776042368758266,-0.9430851234919476,1.1093741860880864
500,Grzegorz,Karpiński,PO,-1.048820715931784,0.11836409879247413,-1.2562353960870967,-0.8703490393292638,1.0266864100522128
11,Bartosz,Arłukowicz,PO,-1.0479478554062378,0.07389649563551672,-1.169879729596571,-0.9344392276402795,1.035710582290761
352,Krystyna,Sibińska,PO,-1.0457423608863434,0.0636097179388479,-1.1574436880601742,-0.9524682050592427,1.036247299247002
69,Alicja,Dąbrowska,PO,-1.04546509626353,0.06872644186202831,-1.1655588016183664,-0.9352806362173742,1.0214774412698966
297,Elżbieta,Pierzchała,PO,-1.0441095681380275,0.06687553793059407,-1.1614071252218197,-0.9456397024420963,1.0186865779492185
130,Marek,Hok,PO,-1.0430165113320875,0.06928387526181992,-1.1639302810359342,-0.9303272199551053,1.031224875121168
275,Andrzej,Orzechowski,PO,-1.0423644450921519,0.0647932149086683,-1.1548812755750397,-0.9373232921282216,1.0283400155715168
333,Dorota,Rutkowska,PO,-1.0417220538179197,0.0735804001945543,-1.1744060326970076,-0.9344310205010566,1.0422708529351867
490,Robert,Jagła,PO,-1.0414861628679364,0.10067894771314727,-1.218514495167395,-0.8873922281719169,1.0065183820459234
65,Zofia,Czernow,PO,-1.0401195328975164,0.06356426124111922,-1.151837198963294,-0.9426868378379123,1.05298878921274
200,Robert,Kropiwnicki,PO,-1.0364203792034328,0.07283529237166869,-1.166745001448194,-0.9252270726692735,1.0156616358573765
382,Krystyna,Szumilas,PO,-1.0348608693315626,0.06113923298148575,-1.1391471808083808,-0.9350833732076619,1.0335228483939478
259,Anna,Nemś,PO,-1.0335921251530715,0.06265862216278752,-1.1363930377377096,-0.929468721010794,1.0297569723117936
30,Leszek,Blanik,PO,-1.0331239441258355,0.0587123204215903,-1.1293910386117452,-0.9371456077071261,1.0129812999177124
339,Marek,Rząsa,PO,-1.032052815600297,0.06240297384340786,-1.1387346346862102,-0.9373521915208741,1.0513864821638268
409,Piotr,Van,PO,-1.0307910896768306,0.06387366009198217,-1.1420761808452178,-0.9289824882966639,1.035649918670859
193,Jerzy,Kozdroń,PO,-1.0306974745633959,0.06679464029090003,-1.1464486895251584,-0.9239043806190766,1.0472741191437018
255,Killion,Munyama,PO,-1.030285173117125,0.06856755015437722,-1.152929482445924,-0.9243966828421465,1.1331527269521335
292,Małgorzata,Pępek,PO,-1.0298681384228863,0.06494256437593773,-1.1422453110687945,-0.9306710395661845,1.024178762822132
315,Krystyna,Poślednia,PO,-1.028392967472094,0.09819697394420643,-1.1989523992667557,-0.87398990473759,1.0275454358944307
306,Kazimierz,Plocke,PO,-1.0258099375157246,0.059130092664841274,-1.1250569901426817,-0.9302657082582098,1.0143136255632168
279,Konstanty,Oświęcimski,PO,-1.0247906505295596,0.06963653106820546,-1.1491760915979554,-0.9172505920665417,1.0500432443097132
49,Andrzej,Buła,PO,-1.0236533887728683,0.0867878838263757,-1.1681698397726428,-0.8804905885197754,1.019690360141932
118,Paweł,Graś,PO,-1.0205445057120344,0.07067544827417448,-1.1350039059643509,-0.9037140140752323,1.0186888247746633
273,Paweł,Olszewski,PO,-1.0189832284034837,0.06046534120533087,-1.124181827282818,-0.9260963893992524,1.0344964397686964
379,Grzegorz,Sztolcman,PO,-1.0178821625975825,0.05810103092749054,-1.1149106453756819,-0.9239412794214936,1.0195381545137125
427,Ewa,Wolak,PO,-1.0173340652436238,0.061431104956258364,-1.1218324494973286,-0.91645050060376,1.020424472643779
253,Joanna,Mucha,PO,-1.0142389731730967,0.05774400299057825,-1.112080136794811,-0.9200732411402278,1.015948306289191
260,Sławomir,Neumann,PO,-1.0139602838321369,0.061367602630114156,-1.1194398037999085,-0.9151120436588358,1.0129750027661952
443,Bogdan,Zdrojewski,PO,-1.0127469389212198,0.09136697685426227,-1.1811786220844571,-0.8762021744884023,1.0367484421361426
182,Zbigniew,Konwiński,PO,-1.0126023651849045,0.05860678088518759,-1.1193444282765148,-0.9225297027232483,1.0221883447994489
405,Aleksandra,Trybuś-Cieślar,PO,-1.0123364620988693,0.05637460915830789,-1.1135485287923106,-0.9224643529404611,1.0485682193878658
470,Renata,Janik,PO,-1.0122196428442207,0.07310813579439988,-1.1394021276326427,-0.9004115019035942,1.0191524363878028
355,Krystyna,Skowrońska,PO,-1.010575485322471,0.06052029657639942,-1.1131855496988248,-0.9162784346253092,1.0147446410813818
353,Henryk,Siedlaczek,PO,-1.0100481147655347,0.053668781877573436,-1.1034117649162747,-0.9244597447252483,1.0154816993349112
116,Aleksander,Grad,PO,-1.0085842662882656,0.16762187742709012,-1.3521153763890548,-0.7843010943177188,1.057759287639197
407,Robert,Tyszkiewicz,PO,-1.0085365654345635,0.05906029842245196,-1.1087746021669334,-0.9140867712467936,1.0130581296468089
481,Beata,Rusinowska,PO,-1.0080694541260398,0.09208127457808464,-1.166299500920341,-0.8618322607309112,1.015173349587831
304,Teresa,Piotrowska,PO,-1.0062058813757404,0.059225320443886544,-1.1029121868716139,-0.910419159744629,1.0118362794300717
479,Aldona,Młyńczak,PO,-1.003568785493081,0.0893635492426795,-1.166434970932447,-0.8693771179762008,1.0077480177146128
508,Jan,Kulas,PO,-1.00323019413242,0.1130032360402605,-1.2020648911708587,-0.8309593867865058,1.0080589061011738
124,Andrzej,Halicki,PO,-1.0002496439999484,0.05682453983228218,-1.09512102408707,-0.9092285242118437,1.0143204796736593
181,Ewa,Kołodziej,PO,-0.9999435201093331,0.05402927714280385,-1.0883911006025637,-0.9129029460244648,1.0111832624168235
366,Wiesław,Suchowiejko,PO,-0.9991004883918709,0.05939292589654429,-1.1052010470144027,-0.9048112398419862,1.015016738859444
284,Witold,Pahl,PO,-0.9951133424559002,0.059470277869920526,-1.1039873243380014,-0.9038456976115118,1.053296345821411
186,Leszek,Korzeniowski,PO,-0.9947934248070411,0.05606407140134653,-1.0881263178690517,-0.907106226961876,1.036542665331823
422,Radosław,Witkowski,PO,-0.9933468131818347,0.07211459144518982,-1.1167861230898495,-0.888071619217152,1.062322832129176
467,Elżbieta,Achinger,PO,-0.9931854663061662,0.06000501310531004,-1.0902251005602686,-0.8953657665619253,1.065936148608838
381,Jakub,Szulc,PO,-0.9923992597067083,0.07715793281246568,-1.1225421850494195,-0.871365884581617,1.0271773946367093
265,Sławomir,Nowak,niez.,-0.991683220171979,0.0742969312776224,-1.1215767827705283,-0.8760116651601186,1.0266031650690604
94,Elżbieta,Gapińska,PO,-0.9914758765173439,0.05556226309752193,-1.0809554492014015,-0.8993756216958702,1.006908034805751
177,Brygida,Kolenda-Łabuś,PO,-0.9868796182117489,0.05813751918593956,-1.0880044567018095,-0.8916378196477551,1.0396502268187588
346,Grzegorz,Schetyna,PO,-0.9862967532963376,0.05249660446759361,-1.0811817993297608,-0.902492960119851,1.0087450829173628
459,Ewa,Żmuda-Trzebiatowska,PO,-0.9859562430096028,0.05454541759414935,-1.0823286435206223,-0.9013839214551722,1.0191559177981528
466,Adam,Żyliński,PO,-0.9858923336373057,0.06379706430756507,-1.0905660963966077,-0.8788345645270792,1.0166341154365657
269,Marzena,Okła-Drewnowicz,PO,-0.9851192796551408,0.0606508424901772,-1.0909559242122973,-0.8966147298099476,1.0153449478873553
178,Agnieszka,Kołacz-Leszczyńska,PO,-0.9850935264124852,0.05697348529061491,-1.0810283397289273,-0.8961387629290117,1.066963694691786
410,Jan,Vincent-Rostowski,PO,-0.983937007617845,0.06106497690377017,-1.0854407013590364,-0.88527563267119,1.043404408945436
299,Lucjan,Pietrzczyk,PO,-0.9834111703622475,0.05420568676304525,-1.0743465595325299,-0.8955227174573919,1.0193007730211054
79,Zenon,Durka,PO,-0.9805994705595192,0.05408136981924036,-1.0749931455670019,-0.9016552661258785,1.0121338051150413
270,Janina,Okrągły,PO,-0.9803074071067914,0.05621346239798551,-1.0792411332185783,-0.8922768434932153,1.0144490071068089
262,Małgorzata,Niemczyk,PO,-0.9800905967869167,0.05571295400216816,-1.0750254135997075,-0.8956122913918826,1.0628361706819816
375,Adam,Szejnfeld,PO,-0.9799962880064071,0.07253000176254493,-1.1034396601655456,-0.8764103826814724,1.0500661724935612
48,Bożenna,Bukiewicz,PO,-0.9792771041524031,0.060546345008596514,-1.0820237732663192,-0.8813867214148744,1.0218701195316526
439,Ryszard,Zawadzki,PO,-0.9791580391794791,0.05066063526594682,-1.0651520423024565,-0.897514233494117,1.0499016543243758
220,Marek,Łapiński,PO,-0.9783469274399327,0.055855071795363184,-1.0763007025821065,-0.8950000496197499,1.0861891985346357
372,Michał,Szczerba,PO,-0.9781301828225274,0.05516696284013531,-1.0769136500418248,-0.8927349440539422,1.0257176268012165
195,Agnieszka,Kozłowska-Rajewicz,PO,-0.9775583264052695,0.07632745767784224,-1.112520058096056,-0.8619999653426555,1.0170515634556008
60,Barbara,Czaplicka,PO,-0.9757483532880955,0.04903549289840855,-1.0600771957817803,-0.8969715208127199,1.0132755808933822
166,Małgorzata,Kidawa-Błońska,PO,-0.9751627794903918,0.06316390245336043,-1.0866440625485,-0.8750136574080387,1.0367935370540051
99,Elżbieta,Gelert,PO,-0.9704418763152617,0.05994148938520323,-1.0799001785258935,-0.8815690335318824,1.0323679534045302
167,Marcin,Kierwiński,PO,-0.9702907576220118,0.051806207055105115,-1.0590440312563936,-0.8906205453819674,1.0072549987693344
240,Katarzyna,Matusik-Lipiec,PO,-0.9696625224966796,0.053583159254261485,-1.060292743872191,-0.8877548956440522,1.0295182747617708
247,Rajmund,Miller,PO,-0.9694340509730583,0.052010909805660886,-1.054106287128675,-0.8852175796410628,1.0028855310271736
406,Donald,Tusk,PO,-0.9677462406268004,0.07449874604963727,-1.091090830959626,-0.8495277211792448,1.0199323671936897
287,Paweł,Papke,PO,-0.9674243023893209,0.05153272407597745,-1.0586123587110186,-0.8851781907195316,1.0198333117268343
53,Jarosław,Charłampowicz,PO,-0.9662792367387205,0.05824038974611975,-1.0664195906312008,-0.8754293185759496,1.0227492656171613
162,Jarosław,Katulski,PO,-0.9657074929585991,0.05770695341591938,-1.0637428236094062,-0.8725441240368139,1.0264112666169725
300,Jarosław,Pięta,PO,-0.9646307357373389,0.05202852537159565,-1.0477233138987798,-0.8794027522887522,1.0089222235373245
12,Paweł,Arndt,PO,-0.9641934811288646,0.05336401169628696,-1.0540509862034568,-0.8770965300714575,1.0167909256002627
190,Sławomir,Kowalski,PO,-0.9634034667879033,0.05253124489060675,-1.049477588015807,-0.8774337416203701,1.010552744170634
489,Stanisław,Chmielewski,PO,-0.962573414965969,0.08308695825880333,-1.108982320094093,-0.8326718465662809,1.0263061180554114
125,Katarzyna,Hall,PO,-0.9624928435079503,0.056693953313672496,-1.0530283381718688,-0.8658884759955419,1.0306557207622609
97,Lidia,Gądek,PO,-0.9586724130707529,0.049584036624855186,-1.0436205489484176,-0.8788626592469759,1.0299499334565227
170,Joanna,Kluzik-Rostkowska,PO,-0.9571173785940342,0.050902968109435426,-1.0450491814287541,-0.876820359165055,1.0199600921001295
57,Janusz,Cichoń,PO,-0.9549020623751234,0.052322723302649476,-1.0424550071610772,-0.8718081567378808,1.0245560615899223
194,Iwona,Kozłowska,PO,-0.9528776079392063,0.048615013546435173,-1.0391596121734687,-0.8776416994384895,1.0291138600922338
38,Jerzy,Borowczak,PO,-0.9513508809152631,0.05136715398983365,-1.036309851483676,-0.8688983136383315,1.0104617265694336
204,Cezary,Kucharski,PO,-0.9512415454105232,0.05178388731415589,-1.0368617560788767,-0.8670533686357915,1.0206741753555033
44,Beata,Bublewicz,PO,-0.9507811822728031,0.05010487428622682,-1.0324838959178473,-0.8686935875949022,1.0303876692885925
222,Zofia,Ławrynowicz,PO,-0.9507605790502209,0.04951267698148718,-1.030915020373327,-0.8687494672086786,1.0061075859442523
495,Grażyna,Ciemniak,PO,-0.9497210058765772,0.0882767888333106,-1.108990859752649,-0.815932017804593,1.0185429780007211
416,Monika,Wielichowska,PO,-0.9490179980269075,0.05197032390500577,-1.0367698052408818,-0.8628530980362993,1.035587298856193
82,Janusz,Dzięcioł,PO,-0.94664672675191,0.052648814317342044,-1.0371738218174424,-0.8671468373581892,1.0475529395373113
215,Izabela,Leszczyna,PO,-0.9457825686738403,0.05272435867719606,-1.0395869677426919,-0.8650727408824833,1.026611046573491
263,Stefan,Niesiołowski,PO,-0.94562177140235,0.05100039333935093,-1.0339606272576747,-0.8648959365728349,1.0377803821105045
392,Marcin,Święcicki,PO,-0.9454252317738934,0.05196501513881307,-1.0318005700524453,-0.8590708564214425,1.0245663999484893
369,Miron,Sycz,PO,-0.9444586777674678,0.051899389126060624,-1.0302580780541353,-0.8626746938101185,1.0392571940209927
46,Borys,Budka,PO,-0.9430395337966343,0.05569258199856081,-1.0382993126292388,-0.8569068772266638,1.0459797639543607
117,Mariusz,Grad,PO,-0.942562766195251,0.051120810927043785,-1.021723720259213,-0.8546374437435061,1.015292861846022
385,Bożena,Szydłowska,PO,-0.9424556172645231,0.049237647531446896,-1.0245859015136067,-0.8632119902893429,1.0144295264159715
93,Andrzej,Gałażewski,PO,-0.9408054719639911,0.054211816269827705,-1.0354279176651435,-0.8584248752401008,1.0148802409942679
211,Stanisław,Lamczyk,PO,-0.9393262945294467,0.05012820043227456,-1.0220297246697478,-0.8593481667671067,1.0257552788243793
76,Ewa,Drozd,PO,-0.9368109971806357,0.04782235894083836,-1.0200457091238178,-0.863467529293634,1.0135250511474483
493,Ewa,Czeszejko-Sochacka,PO,-0.9359671068196845,0.08585425960418556,-1.0839420786792744,-0.8028077553111885,1.008009070539649
43,Jacek,Brzezinka,PO,-0.9357174024290038,0.04877924202601515,-1.0217087185825418,-0.860376362798085,1.0225253341110134
235,Jagna,Marczułajtis-Walczak,PO,-0.9346349586742042,0.0498740847762179,-1.0206542971945465,-0.8565174341798382,1.0100549093203102
266,Tomasz,Nowak,PO,-0.9339588848133994,0.05285036337045764,-1.020016625017088,-0.8532977957263982,1.0040299876891106
198,Ligia,Krajewska,PO,-0.9318553863473656,0.048229618269095345,-1.0143786768926708,-0.8546322949525466,1.034020239396035
89,Arkady,Fiedler,PO,-0.9315329836417102,0.0479451598409512,-1.019387173971183,-0.8587753909547806,1.0440491103515956
192,Jacek,Kozaczyński,PO,-0.9304119387704867,0.05034845305100749,-1.0172817157538567,-0.8503999691162207,1.038012653633351
2,Małgorzata,Adamczak,PO,-0.9282387528043566,0.05812608976860182,-1.0266608074496921,-0.8307634836401505,1.0359671304095326
232,Beata,Małecka-Libera,PO,-0.9276073670558913,0.04587784696035578,-1.0039378625548125,-0.8544870941676819,1.0183300058825577
357,Waldemar,Sługocki,PO,-0.9267210784511289,0.04777425765888892,-1.005295132912185,-0.848880356592051,1.0099858007621945
172,Krystyna,Kłosin,PO,-0.9249330380834643,0.049593684106550885,-1.0117574670005423,-0.8505207544594836,1.0182272932605727
308,Mirosław,Pluta,PO,-0.9237574238330797,0.04663104559236551,-1.0047191111614628,-0.852809383703946,1.060398861427614
334,Jakub,Rutnicki,PO,-0.9214361186565194,0.047069628596036035,-1.002212347778691,-0.8454986170956821,1.0248272992408278
356,Bożena,Sławiak,PO,-0.9206302590145122,0.04864828819395463,-1.0023687778553652,-0.8446083074224852,1.021678437743458
276,Maciej,Orzechowski,PO,-0.9189171176531152,0.04853182969412063,-1.0064622726841794,-0.8440149209363901,1.012273075319703
210,Krzysztof,Kwiatkowski,PO,-0.9182274153430466,0.07616836130300485,-1.0471513531272922,-0.8089968168944672,1.029573981045964
403,Cezary,Tomczyk,PO,-0.9146248916882429,0.049297694412893125,-0.9991650865780345,-0.8359841812995127,1.0199228302087704
131,Teresa,Hoppe,PO,-0.9132121578212106,0.04566563079569209,-0.989309234896782,-0.8410515831110057,1.00980770847331
244,Antoni,Mężydło,PO,-0.9109639793241937,0.041184194479557706,-0.9820123440003293,-0.8467838747313275,1.0141532665798618
59,Marian,Cycoń,PO,-0.9085237408709285,0.045681470959900085,-0.9858495794607696,-0.8328776501489614,1.0159741856758628
122,Andrzej,Gut-Mostowy,PO,-0.9062175839905391,0.04413110938336907,-0.9820249351535888,-0.8372699131143031,1.0177932223467057
261,Dorota,Niedziela,PO,-0.905852207876241,0.04675361364879895,-0.9885789026926627,-0.8315863725407292,1.0310249809401062
438,Renata,Zaremba,PO,-0.9028788729831569,0.04252380178419074,-0.9726599974839394,-0.8331670110085796,1.004797168033468
473,Irena,Tomaszak-Zesiuk,PO,-0.8967854205867792,0.06909695476792059,-1.0160529171969064,-0.7898172970917149,1.0043633493654784
268,Mirosława,Nykiel,PO,-0.8956816830226472,0.049710946809850255,-0.9890215312539735,-0.8207452466467146,1.0253364236927551
331,Halina,Rozpondek,PO,-0.8931501142475681,0.04215188610636054,-0.9643714419272009,-0.8255335096446197,1.0116257697138844
458,Stanisław,Żmijan,PO,-0.8926339172811789,0.04249884882274972,-0.9642625617306524,-0.8256005312634628,1.0259050535405145
329,Dariusz,Rosati,PO,-0.8921276046126883,0.05764529375549826,-0.9890423149928749,-0.7964192783907763,1.0107880584896691
187,Roman,Kosecki,PO,-0.8902462020007217,0.041477428755687676,-0.9574999224906487,-0.821506755616511,1.0272905273948096
206,Barbara,Kudrycka,PO,-0.8902074223407536,0.060015309087109905,-0.9987720386402932,-0.7999377392621002,1.0295970044327603
176,Magdalena,Kochan,PO,-0.8850608798889552,0.04275296009993151,-0.9577311529776253,-0.81609894623656,1.0078875563553706
144,Leszek,Jastrzębski,PO,-0.8850027194473389,0.04407237027920447,-0.9599512670573426,-0.8152241127058629,1.0214029752390053
83,Waldy,Dzikowski,PO,-0.8841906071862019,0.042666884557617524,-0.9565473017817028,-0.8145059732609196,1.0146650502866341
91,Krzysztof,Gadowski,PO,-0.8832700035303356,0.04202067861512505,-0.956399939909094,-0.816767009439023,1.0070008262277534
419,Mariusz,Witczak,PO,-0.880120673399571,0.042690932134341955,-0.9535941552584651,-0.8127491211405514,1.0078854470401313
155,Bożena,Kamińska,PO,-0.8798310848518437,0.04291797795931478,-0.95241330385118,-0.8107773960304383,1.020145184254715
212,Józef,Lassota,PO,-0.8783301665967247,0.04421707914356582,-0.9525405211888419,-0.8088804466941109,1.0037776502567304
343,Wojciech,Saługa,PO,-0.8780980993104079,0.0519174799428802,-0.9628977696485456,-0.7937790268144655,1.010536219976623
151,Roman,Kaczor,PO,-0.8776253615873957,0.043624916981384126,-0.9506763262225875,-0.8086096975800097,1.0281336897306521
51,Renata,Butryn,PO,-0.8746837356021361,0.042882416050442074,-0.9497534889926778,-0.8088343479427784,1.0082544720078028
183,Ewa,Kopacz,PO,-0.8741662699514489,0.04439605257585588,-0.950582993904108,-0.8032647526672732,1.0105200524543254
447,Wojciech,Ziemniak,PO,-0.8738495352359315,0.04298837860488227,-0.9453155421134488,-0.8074822019155866,1.0156990252159779
196,Mirosław,Koźlakiewicz,PO,-0.8732571822320436,0.045332992806817976,-0.9496168405102247,-0.8038518258458245,1.008824720108626
98,Magdalena,Gąsior-Marek,PO,-0.8715678388318049,0.0411046876350524,-0.9416715601990271,-0.8050062712297369,1.0104877521150835
66,Andrzej,Czerwiński,PO,-0.8703310664343433,0.04213952601107697,-0.9419127630325982,-0.80289467047124,1.0128722859176933
184,Domicela,Kopaczewska,PO,-0.8648697504220305,0.04066593671955923,-0.9364362226103428,-0.802713628460007,1.0229071596492707
101,Artur,Gierada,PO,-0.8646350420009663,0.038082878016322326,-0.9296102521951497,-0.8047244025125918,1.0096838439563578
140,Tadeusz,Jarmuziewicz,PO,-0.8628777841836253,0.0410864858376301,-0.9308452264961105,-0.7963147644696218,1.0062646185605868
219,Arkadiusz,Litwiński,PO,-0.8623527271589115,0.043587301846774396,-0.9381216388637273,-0.7937121924563895,1.0316626727850005
282,Zbigniew,Pacelt,PO,-0.854335573517572,0.03903699941831504,-0.9192685524160031,-0.7908353122905549,1.0140490873962924
321,Elżbieta,Radziszewska,PO,-0.8520549568351519,0.03881450295253489,-0.9174850494781073,-0.7906216805731515,1.0093585755182535
488,Michał,Stuligrosz,PO,-0.8484023982277662,0.064802342147178,-0.9593088267775345,-0.7467434025744261,1.0101586962234579
426,Marek,Wojtkowski,PO,-0.8441185802082424,0.04639042859588741,-0.9235110951261618,-0.7720975027832643,1.0116437585391942
320,Damian,Raczkowski,PO,-0.8425272242720803,0.038145917909165064,-0.9055342308573793,-0.7816873922877875,1.0150906860552382
399,Piotr,Tomański,PO,-0.8397404877360648,0.039050472140779925,-0.9067179451528525,-0.7773464153413319,1.0042442878181284
312,Agnieszka,Pomaska,PO,-0.8394940304766757,0.040741563023546305,-0.9089768511861885,-0.774956785094879,1.0071733313243527
307,Marek,Plura,PO,-0.8391502805548178,0.050758156310057395,-0.9276513246845456,-0.7583084289398134,1.0113548759086155
160,Włodzimierz,Karpiński,PO,-0.8388857342942001,0.039293325784421684,-0.9065249778892196,-0.7770722517526759,1.0076930605301655
358,Tomasz,Smolarz,PO,-0.8369065648913147,0.04735231214758948,-0.9162602088554166,-0.762580369930085,1.0102204348620403
133,Stanisław,Huskowski,PO,-0.8367897509708854,0.039080970842525556,-0.9049875108584757,-0.7749704940263296,1.0256970835851642
96,Stanisław,Gawłowski,PO,-0.83523391806552,0.03920920782295366,-0.9025639814731462,-0.7733893727622115,1.0048013504249993
29,Andrzej,Biernat,PO,-0.8341110375387969,0.0375277438618145,-0.9004244282746855,-0.776206729983845,1.0034696073877032
404,Tomasz,Tomczykiewicz,PO,-0.833622351539633,0.039981885033063234,-0.9010233130691616,-0.7719297071128132,1.0134782853834827
436,Jadwiga,Zakrzewska,PO,-0.8252516173251555,0.039228499794033395,-0.892905749830363,-0.7631384374524883,1.004367349108914
338,Zbigniew,Rynasiewicz,PO,-0.8214076456586121,0.03828806484924566,-0.8865600902853181,-0.7608538725220159,1.030857019822814
58,Piotr,Cieśliński,PO,-0.8179801821104715,0.035077806830318824,-0.8782414944021174,-0.7629567646128828,1.0054323993304604
105,Tomasz,Głogowski,PO,-0.8172835744322693,0.03607449193575946,-0.8793517695883342,-0.7604782608793973,1.0092031239934187
141,Michał,Jaros,PO,-0.814916751737418,0.03735264602177486,-0.8778020235913084,-0.7544551296071342,1.0079936245014145
214,Tomasz,Lenz,PO,-0.8111826669935527,0.036174323195542916,-0.8709463428510865,-0.7510112637501174,1.0158777979173566
28,Marek,Biernacki,PO,-0.8099615203988652,0.037632954458171886,-0.8739699160347011,-0.7501990560693444,1.0117147745093564
354,Radosław,Sikorski,PO,-0.808263131698062,0.04288617334130773,-0.8803762045105004,-0.7422013114033328,1.0085835820576647
15,Tadeusz,Aziewicz,PO,-0.8055810324622672,0.03359128127592109,-0.8645832219878267,-0.7536314566648361,1.0098194559470912
324,Ireneusz,Raś,PO,-0.8029800234919606,0.03448211068416789,-0.8601502666138752,-0.7469579774633764,1.0044882905916843
305,Julia,Pitera,PO,-0.8004260404513283,0.046259465428584896,-0.882801173414791,-0.7284370139668616,1.0096409270192126
88,Jerzy,Fedorowicz,PO,-0.7958572243309854,0.0346978197224657,-0.8545926970053804,-0.7403872825650384,1.0035983793991714
362,Lidia,Staroń,niez.,-0.7908227933973396,0.034349142909845296,-0.8504930757612522,-0.7367864704474668,1.0076426936711587
323,Grzegorz,Raniewicz,PO,-0.7819562022566376,0.0316479836540793,-0.8342216217410728,-0.7315274126653168,1.0180401108465262
465,Tomasz,Kulesza,PO,-0.7813030685149908,0.031599010297029384,-0.8332668400455856,-0.7300229266570181,1.0044027819191501
104,Czesław,Gluza,SLD,-0.7694713667065183,0.03227651464957218,-0.8243925050860467,-0.7177304179470635,1.009942891563379
39,Łukasz,Borowiak,PO,-0.7667132449657829,0.03790689437808826,-0.8288237083148177,-0.7061067271428443,1.0035496030733229
248,Konstanty,Miodowicz,PO,-0.7659067293004939,0.053374824193570605,-0.8575492998615267,-0.6828688359036728,1.012672491585842
402,Jacek,Tomczak,PO,-0.7650793459574785,0.030963562724163257,-0.8188407771513256,-0.7168706562382022,1.0160343521019657
10,Tadeusz,Arkit,PO,-0.7568424624389374,0.029820481115544396,-0.8058109107981289,-0.7091359318882189,1.0028686974523713
271,Alicja,Olechowska,PO,-0.7546187465653778,0.03173280933034235,-0.8064391015946833,-0.7010974729381553,1.0228543619215875
86,Joanna,Fabisiak,PO,-0.7539858811866292,0.029695908374316234,-0.803411959941425,-0.7060862441932545,1.0026183969240987
250,Czesław,Mroczek,PO,-0.7269806936952458,0.027404998961116093,-0.7724248517006249,-0.6831284116876096,1.0029409485917928
448,Jerzy,Ziętek,niez.,-0.7251173439122176,0.028464789085169466,-0.7733572210536763,-0.6799942304694625,1.0035373182257314
424,Norbert,Wojnarowski,PO,-0.7151633178006223,0.031551749464726865,-0.76911791859911,-0.6655283892318447,1.0044374538880274
487,Aleksander,Sosna,SLD,-0.6779318681224832,0.040970180878093045,-0.7475193070706521,-0.6123152352316609,1.0010477781217373
47,Jerzy,Budnik,niez.,-0.6726145399704072,0.023835080228241573,-0.71320931682183,-0.6345781356234454,1.0049265901578845
159,Andrzej,Kania,ZP,-0.6338304237069711,0.02102699320364509,-0.668705341714029,-0.599674556204629,1.0057077320448993
457,Stanisław,Żelichowski,PSL,-0.6307573096861557,0.020629558535695224,-0.665100249288588,-0.5974403139564652,1.0042570360092218
50,Jan,Bury,PSL,-0.6198571458539995,0.02098573511898112,-0.6546003384682053,-0.5856396691222354,1.0096032205436092
121,Eugeniusz,Grzeszczak,PSL,-0.6107910604602532,0.020176155300103814,-0.6441410214568731,-0.5777746363135986,1.001625025966737
225,Mieczysław,Łuczak,PSL,-0.5797513452383624,0.02031012949178869,-0.6140395047162276,-0.5468679346545235,1.0040149395305762
231,Mirosław,Maliszewski,PSL,-0.5791541430451255,0.019643242978195263,-0.6115210514498068,-0.5465747673388928,1.0011427738388794
423,Zbigniew,Włodkowski,PSL,-0.5754098165846513,0.02025016161402363,-0.6094601157605631,-0.5426043501649714,1.0011706231327888
295,Janusz,Piechociński,PSL,-0.5708546278491353,0.020580389176670058,-0.6053108338478952,-0.5379444218521241,1.0077123853996677
506,Urszula,Pasławska,PSL,-0.5624090336731354,0.0440389110362943,-0.6371672244956841,-0.49123427799384956,1.0026592767758196
319,Józef,Racki,PSL,-0.5548575524041461,0.017400238777612743,-0.5835195878214511,-0.5265049900847177,1.0019324450788025
462,Henryk,Smolarz,PSL,-0.5492315474937564,0.017578835438614483,-0.5785525933122848,-0.5210897545893869,1.005791958422541
444,Piotr,Zgorzelski,PSL,-0.5411113844783038,0.017337332330384363,-0.5698846709360469,-0.5128194711988571,1.002356595162718
161,Mieczysław,Kasprzak,PSL,-0.5362094326881979,0.01700408208472357,-0.5646027244022731,-0.5087267126275541,1.001639017178045
345,Marek,Sawicki,PSL,-0.5329578143874953,0.017121423362197928,-0.5615809915277032,-0.5052739194797212,1.0022492435617323
461,Marek,Gos,PSL,-0.5320199772031948,0.016764569245822508,-0.5600026857961337,-0.5045142646627011,1.0050045621036963
112,Jarosław,Górczyński,PSL,-0.5314982200099686,0.018610220826300764,-0.5621297642490501,-0.5005602075729906,1.0040591484402386
37,Krzysztof,Borkowski,PSL,-0.52199034578255,0.016795635351188398,-0.5499860679265226,-0.4947500466337631,1.002744963698837
153,Stanisław,Kalemba,PSL,-0.5200370463790402,0.01781322634210564,-0.5501651373614607,-0.4913637374901235,1.0027321325753216
280,Krystyna,Ozga,PSL,-0.5081451102645859,0.015975700281829857,-0.5348547426852863,-0.4821303433611992,1.001797760934645
363,Franciszek,Stefaniuk,PSL,-0.5077886675589304,0.015988141834157824,-0.5343555159385708,-0.48135166629387915,1.002795053790183
509,Elżbieta,Nawrocka,PSL,-0.5038544856394558,0.04490851027418734,-0.5790621132814372,-0.4310166113132237,1.0051153147948084
223,Jan,Łopata,PSL,-0.5029332254070408,0.015486267304619163,-0.5287899838941035,-0.4775141291742498,1.0020472908077458
288,Mirosław,Pawlak,PSL,-0.49932392803725445,0.016035097192330486,-0.5257865176104207,-0.47335444157782325,1.0013052140937746
360,Zbigniew,Sosnowski,PSL,-0.4889802315646591,0.01486623541631285,-0.5137590152478682,-0.46492915218479874,1.000599906171882
92,Ryszard,Galla,niez.,-0.4799223882194623,0.015374580423597769,-0.5058677554354333,-0.4550697681566083,1.0040255755575447
289,Waldemar,Pawlak,PSL,-0.4761000716591623,0.01633987590571503,-0.5034397681083751,-0.44979467196279466,1.0006636678606948
35,Edmund,Borawski,PSL,-0.4690503693592438,0.015918635458703246,-0.49530757992557817,-0.4428292233149351,1.0044663397073672
505,Romuald,Garczewski,PSL,-0.4603111722806654,0.03792097816758019,-0.5233897975365491,-0.3979675750130412,1.0032544623896356
380,Andrzej,Sztorc,PSL,-0.4581135235271349,0.014746643359592608,-0.48246380310278125,-0.43387108396072077,1.0015684583038444
398,Genowefa,Tokarska,PSL,-0.4517975163362501,0.013919736200883808,-0.4745540972163097,-0.428703483824997,1.0023137641641426
454,Józef,Zych,PSL,-0.44985187322366,0.014898526645091167,-0.47472746584158027,-0.4258001354395651,1.0007736903796707
411,Piotr,Walkowski,PSL,-0.4385620242210432,0.013651961060700523,-0.46098100061995567,-0.4163206542644932,1.0098852719370102
171,Eugeniusz,Kłopotek,PSL,-0.36455434798247327,0.01275249342657242,-0.38582180149077644,-0.3437195697527743,1.0077060391198105
106,John,Godson,PSL,-0.3524751388923949,0.01195346067582184,-0.3720594050858448,-0.33298946784412364,1.0016340142748394
40,Artur,Bramora,PSL,-0.15073955670819653,0.009574779531345312,-0.16643347697313998,-0.1350194954544614,1.0017353088792158
387,Halina,Szymiec-Raczyńska,PSL,-0.14385580688208244,0.009736774452421436,-0.1597910512334279,-0.1277554581909101,1.0018402661322185
80,Dariusz,Dziadzio,PSL,-0.0723042376211699,0.009301224720208702,-0.08777641242548068,-0.05699085311207354,1.0036697392297391
464,Jarosław,Jagiełło,niez.,-0.04206418197242272,0.00921159688474266,-0.05716595829559415,-0.02702168914530029,1.0105810491508347
33,Bartłomiej,Bodio,PSL,-0.03318125780162693,0.00957097924238853,-0.048946746813857855,-0.017433358338041778,1.0037728884128017
110,Jarosław,Gowin,ZP,-0.029817197556052055,0.00905894045379823,-0.044762187023130215,-0.014962388395524835,1.0075169950087004
293,Andrzej,Piątak,niez.,-0.024693151340726676,0.009856954446234408,-0.04099452430036752,-0.008521856108802446,1.0062183272382392
456,Jacek,Żalek,ZP,-0.01656676551965933,0.009059320394064046,-0.03130263000671689,-0.001608680347280474,1.0070449494999716
100,Łukasz,Gibała,niez.,-0.01029290496510918,0.009363912636084808,-0.025626515471489454,0.005135420304457678,1.0015096713508027
142,Adam,Jarubas,,-0.00484785058916838,0.989003717462948,-1.635556338071011,1.6225184440308946,1.000121970443646
229,Tomasz,Makowski,PSL,-0.004280505737078023,0.009359343327159928,-0.019581534574565705,0.011181035853128561,1.0027623901301859
71,Artur,Dębski,PSL,-0.0003850542206017904,0.009121567007077516,-0.015354020899565241,0.014614525497938714,1.0056461920260478
393,Bogdan,Święczkowski,,0.002340382117171427,0.9900998592768947,-1.6283983730749803,1.6255817294480697,0.9999798828466069
127,Krzysztof,Hetman,,0.0027351439637175977,0.9901190359048045,-1.6113390817468751,1.6353472191282072,0.9999899654436604
202,Łukasz,Krupa,niez.,0.008466401674853455,0.009588253167326944,-0.007197478038851098,0.024253890174531514,1.0028559112554372
283,Michał,Pacholski,PSL,0.00978454091335286,0.009168669249727536,-0.005356747561508717,0.02476716577586308,1.0035063307397742
21,Dariusz,Barski,,0.010804533650694845,0.9968686913851218,-1.6257514737324472,1.6725837855729717,1.0000694852520897
330,Andrzej,Rozenek,BC,0.02577370632040203,0.009340647334002368,0.010544601193929897,0.04125352987931826,1.0032607753239602
433,Maciej,Wydrzyński,RP,0.029658373824165484,0.009367591603644303,0.014293906060978885,0.04514651933723177,1.0031944199103577
316,Marek,Poznański,niez.,0.030415923946217272,0.009185728505047909,0.015220007339634528,0.04545835919260134,1.0019755391651786
257,Jacek,Najder,BC,0.031533114628977926,0.009191800559541984,0.016389065553791316,0.046646292977268994,1.0038908716002097
364,Marek,Stolarski,SLD,0.041935749617817104,0.009264900152738235,0.02684937365539269,0.05720834594356949,1.0034509045878022
285,Janusz,Palikot,RP,0.04399073847272904,0.009597323785778726,0.028237904769628903,0.05975432794509706,1.003511035158053
314,Zofia,Popiołek,RP,0.045955449302412014,0.009231823743014678,0.030743777786679718,0.061186895304314884,1.006505940019267
185,Sławomir,Kopyciński,BC,0.04971436676429361,0.009297317847056745,0.034448193486299045,0.06505094717290229,1.0024056095637814
251,Maciej,Mroczek,RP,0.05137873783903748,0.009095447049756821,0.036391226222391264,0.06628113902309855,1.0025157816420505
188,Roman,Kotliński,niez.,0.052498203997056805,0.010421614448081928,0.035354425320543885,0.06966867107599903,1.0036995318854767
36,Jerzy,Borkowski,RP,0.05333514744871084,0.009213171816093964,0.038244175173801284,0.06860284297437697,1.0023096280740207
342,Paweł,Sajak,PSL,0.058444133917010754,0.009185477607081436,0.04336349130123554,0.07356610003004321,1.0073023933043108
335,Adam,Rybakowicz,RP,0.060264486532469665,0.009160012566527598,0.04536160249908398,0.07553228876030027,1.0042949561078518
23,Piotr,Bauć,RP,0.07238449646588464,0.009660540997280606,0.056622298359050305,0.08827531103576206,1.0025608521071292
27,Robert,Biedroń,TR,0.08393879041024913,0.010613402957952572,0.06641809424222316,0.10125335233821325,1.002273120544511
517,Andrzej,Dołecki,RP,0.08470139807334735,0.18202012359412179,-0.21763600012306808,0.37662128983678167,1.000225561716007
216,Andrzej,Lewandowski,RP,0.0852390927410255,0.009149519846458247,0.07015675416394591,0.10027134886717597,1.0049278959877614
234,Małgorzata,Marcinkiewicz,RP,0.08970308504173227,0.009488826937570034,0.07410138926591722,0.10542950151306424,1.0046489003712664
111,Artur,Górczyński,SLD,0.09064833431893463,0.009044614696128184,0.07596713104469656,0.10564829149699032,1.005610491136433
291,Wojciech,Penkalski,niez.,0.09502610629777349,0.00909680922751556,0.0801247299135915,0.11005426729871386,1.0029536543355206
267,Wanda,Nowicka,niez.,0.0972097716103521,0.009250237877793955,0.08196562685339256,0.11248461009294423,1.0038936073987803
337,Armand,Ryfiński,niez.,0.09999595351267422,0.009465444688270559,0.08442483020062674,0.11556395921664137,1.003540124490899
85,Wincenty,Elsner,SLD,0.10231783917041061,0.009040582320954695,0.08748911321387233,0.11719295269612806,1.003710461119639
19,Maciej,Banaszak,SLD,0.10426715656558148,0.009182742868200403,0.08914438514305306,0.11935738201079288,1.0055270578718745
173,Krzysztof,Kłosowski,SLD,0.10594729322540578,0.009145324721352625,0.090776480041402,0.12081750070275345,1.0050887804596937
52,Jan,Cedzyński,SLD,0.1210858144431145,0.009009663560923276,0.10614816446627307,0.13579467486334285,1.0041395963911162
149,Michał,Kabaciński,RP,0.12155196566592066,0.009131331764578797,0.10652538551143839,0.13656890622500428,1.007173297046822
74,Marek,Domaracki,SLD,0.12408471485100815,0.009341210709147176,0.10883120273032072,0.13953509936236858,1.0019851472861303
209,Jacek,Kwiatkowski,RP,0.12854725402485817,0.009197165097576874,0.11335138768744463,0.14368077802103646,1.0048169768415498
175,Henryk,Kmiecik,PSL,0.14773480325371285,0.00905030389208253,0.13281043790694005,0.16270155048364393,1.005748467584965
119,Anna,Grodzka,niez.,0.16129670870977833,0.009792466702150292,0.14517573919173488,0.1773782146447883,1.0046729703270127
55,Piotr,Chmielowski,SLD,0.20634566755741918,0.009184783681309431,0.1912355034983309,0.22133500038499263,1.0057250224777226
165,Adam,Kępiński,SLD,0.2104007173021801,0.00921723298110687,0.19530736397723922,0.22556836783955286,1.0049337066816282
168,Witold,Klepacz,SLD,0.22357996635616934,0.00972834463452741,0.2075359831450617,0.23951160019625117,1.006128299642164
154,Ryszard,Kalisz,niez.,0.245327496226056,0.011055600615317287,0.22690478394386818,0.2634411225582205,1.0022066654780086
463,Andrzej,Dąbrowski,ZP,0.25307968040461926,0.00915350274913523,0.23784586628205415,0.2677649506700285,1.0049521529223744
503,Jarosław,Gromadzki,niez.,0.25578421562259496,0.023575575945469184,0.21677940895675393,0.29461846141389686,1.001266034356552
114,Tomasz,Górski,niez.,0.29270726309089773,0.009708213526889928,0.27687379488586794,0.30869614596353045,1.0044541256416772
480,Marek,Niedbała,SLD,0.33103573672266706,0.017509639551384765,0.3024353821630578,0.3597991977499677,1.0008521641886474
246,Leszek,Miller,SLD,0.3373358576928543,0.010834923172484046,0.31952697623512866,0.35505672871054805,1.001518782529888
400,Jan,Tomaszewski,PO,0.3473663257889034,0.00958437602065092,0.3314782586429018,0.36300688839965856,1.006839209713246
134,Tadeusz,Iwiński,SLD,0.35014091564525984,0.011122873235141219,0.3318016551372713,0.36856477036654695,1.0013255549810958
415,Jerzy,Wenderlich,SLD,0.3576149466142205,0.011120946694189256,0.3392988098994074,0.37581614523361295,1.0014062261321666
64,Jacek,Czerniak,SLD,0.3595392643934973,0.010191382236350292,0.34279631986429554,0.3763424520069027,1.001330237897328
95,Tomasz,Garbowski,SLD,0.35958406623860856,0.011247422838999014,0.3410219230210887,0.37816141028557526,1.0018586350730165
258,Grzegorz,Napieralski,BC,0.36256992153537915,0.011574386404263162,0.34346490892746934,0.38166534064816415,1.0025036865352435
348,Małgorzata,Sekuła-Szmajdzińska,SLD,0.36328430259462946,0.010557320942061472,0.3458302835922454,0.38060745775815025,1.002755279293246
4,Romuald,Ajchler,SLD,0.36439746786336785,0.010473002731989176,0.3472025321318785,0.3815766062171982,1.0031658537785202
317,Stanisława,Prządka,SLD,0.36897704724267466,0.010495562722434458,0.3516453440556503,0.3862636103135392,1.000746649149385
277,Artur,Ostrowski,SLD,0.3695118317571416,0.0105451712158731,0.3523200577892988,0.38692500193647494,1.0020896476320562
434,Stanisław,Wziątek,SLD,0.36953471183349235,0.01042589866152458,0.3524144554756274,0.3866673074606996,1.0019840459195748
5,Leszek,Aleksandrzak,SLD,0.36968863449296663,0.01050851629040998,0.35223071961852254,0.38693066457517616,1.0026487327939035
18,Marek,Balt,SLD,0.37085302976497125,0.010478792524204205,0.35364308703420566,0.3879825067128162,1.0012748336139714
20,Anna,Bańkowska,SLD,0.3713277511927128,0.010649876170513519,0.35372649574867143,0.3888272790901271,1.0030632640825898
147,Dariusz,Joński,SLD,0.37155172945009024,0.010462975684501443,0.35436017122179136,0.38875683895601904,1.002689827973237
272,Cezary,Olejniczak,SLD,0.3727651240666295,0.010515704316152301,0.355433161544068,0.3902076050879906,1.0031123318581219
241,Zbigniew,Matuszczak,SLD,0.37340807029793704,0.01074806008239584,0.3558272604130216,0.3910554562771767,1.0027300181455376
68,Eugeniusz,Czykwin,SLD,0.3740754580191355,0.010733746905616303,0.3564085549874796,0.39173775529000626,1.0043617694851634
428,Bogusław,Wontor,SLD,0.37417214664662657,0.010588140616102746,0.35676906296104605,0.39149780938080675,1.0019168414316642
442,Ryszard,Zbrzyzny,SLD,0.37455403576161844,0.010625947808453424,0.3571761816106691,0.392137527747928,1.0027037619459847
158,Tomasz,Kamiński,SLD,0.37538646372953827,0.010730558149485016,0.35777660945985873,0.3930344453730874,1.0037423635587202
401,Tadeusz,Tomaszewski,SLD,0.37689525660254575,0.010533703295653066,0.3596791903770817,0.3941693949554441,1.0056208388938488
435,Zbyszek,Zaborowski,SLD,0.386104946359399,0.010741371093463691,0.3683016415350336,0.40384433628791255,1.00275364161908
226,Krystyna,Łybacka,SLD,0.4094351110553076,0.012991253220604772,0.3881534150506467,0.4307486800211982,1.0032289635770035
75,Ludwik,Dorn,niez.,0.4706337092965381,0.012585452513652102,0.44997479406801694,0.4912497128729068,1.001728881723681
417,Przemysław,Wipler,niez.,0.65443660735814,0.015628401409226566,0.6288606080214093,0.6803532863872496,1.0044349517548645
70,Andrzej,Dera,ZP,0.8317572292390009,0.016504522706309716,0.8048311083106842,0.8590760334457425,1.00204183740033
449,Jan,Ziobro,ZP,0.843242902773312,0.016335614849594303,0.8164635418989435,0.8706755041964727,1.0025575944427947
254,Arkadiusz,Mularczyk,ZP,0.8599185747559175,0.016906220503826036,0.8323308635651903,0.8876269884476596,1.0015417467896817
351,Edward,Siarka,ZP,0.8626460729523613,0.01647633058740598,0.8355292905674121,0.8897814700681742,1.000970434066497
484,Andrzej,Smirnow,PiS,0.8711873165061019,0.02385417297911301,0.83232468061521,0.9109187060473057,1.0020617659603832
327,Józef,Rojek,ZP,0.8724370146242396,0.017587286125254047,0.8437708366313836,0.9011478728070047,1.001322876682373
328,Andrzej,Romanek,ZP,0.8746770690318851,0.01701853696093846,0.8470505846554629,0.9028263916371476,1.0007751309709605
455,Jarosław,Żaczek,KPSP,0.8831036363990321,0.021321280891183993,0.848263715535291,0.9179515956394038,1.0011392281865628
450,Kazimierz,Ziobro,ZP,0.9000101432507421,0.01807989049266293,0.8704215377815075,0.9301198377299965,1.000973485909274
137,Patryk,Jaki,ZP,0.9117348015347514,0.01798288448932842,0.8823164446851084,0.9413346942153891,1.0026565760641255
430,Tadeusz,Woźniak,ZP,0.944231631622755,0.018563838876705322,0.9136913959398809,0.9748704264061675,1.0012966421974063
164,Beata,Kempa,ZP,0.9504972860246779,0.01943162793002869,0.918986150509085,0.9833333373293249,1.000703120157532
34,Jacek,Bogucki,PiS,0.9618416962159576,0.019488915058997996,0.9296577270318092,0.9938528547951051,1.002090587686263
107,Mieczysław,Golba,ZP,0.9884661800511801,0.021716657984956332,0.953150059391766,1.0239524993788311,1.0004498882185096
376,Piotr,Szeliga,niez.,1.0088948488468614,0.02077451710618974,0.9749476074207206,1.0426064183769697,1.0044375669276504
146,Mariusz,Jędrysek,PiS,1.0924652299609106,0.024629815787312968,1.0538201262352562,1.1339679144595298,1.0024349280390388
221,Marek,Łatas,PiS,1.1013611864955886,0.02636062707054476,1.0592007665819447,1.1455947910190245,1.0022789648740986
313,Krzysztof,Popiołek,ZP,1.1018348540627687,0.023987795612663863,1.0630391777614843,1.141269267535101,1.0027711813731206
432,Marzena,Wróbel,niez.,1.1057665916332586,0.024744134894761505,1.0646065981594846,1.1459902468718397,1.0016141128167972
325,Jerzy,Rębek,PiS,1.1066982509681138,0.030317409314535974,1.0585136278247644,1.1590538014515406,1.0036127747590542
191,Bartosz,Kownacki,PiS,1.1682555635319176,0.027954857270904448,1.1233681643423798,1.214464113025375,1.0032926833369387
418,Jadwiga,Wiśniewska,PiS,1.1737121360500402,0.037484231963000526,1.114126030789129,1.2360191616918115,1.013382944606319
294,Bolesław,Piecha,PiS,1.177639486354113,0.049277223506652076,1.0989396537983858,1.2601163242449636,1.0051342857287027
374,Jolanta,Szczypińska,PiS,1.1889956203098144,0.029013205200355278,1.1413334873045269,1.236904234186523,1.0148514830772426
129,Adam,Hofman,niez.,1.195166267568609,0.03215147899164141,1.1425683966977795,1.2492880511711122,1.0050495022098063
476,Przemysław,Czarnecki,PiS,1.195974678808135,0.047385238068904004,1.1216923845908933,1.2756535590728204,1.0055593739441009
238,Jerzy,Materna,PiS,1.206790950457218,0.02883575049805178,1.1594579118213815,1.2547479723534258,1.0027155653363278
388,Jan,Szyszko,PiS,1.2076747111079487,0.03201851065731907,1.1572110823825448,1.2627211742310165,1.0082217658106294
510,Halina,Olendzka,PiS,1.2107492768368273,0.06700434766682394,1.106994473593197,1.3252653155835703,1.0064486291613035
460,Jerzy,Żyżyński,PiS,1.2126628211309347,0.03181091189557576,1.1616121138355329,1.2652568751572089,1.0016789317204298
474,Piotr,Babiarz,PiS,1.2187226567535119,0.04652767127374151,1.1439531401975818,1.2979880058547626,1.0020006783884812
157,Mariusz,Kamiński,niez.,1.2196804506631322,0.03287026266561755,1.1666287532078135,1.27485561308553,1.0097027939903227
201,Elżbieta,Kruk,PiS,1.2237038045922637,0.03457189691581562,1.167981577399727,1.2825727698822786,1.006957884634673
102,Zbigniew,Girzyński,niez.,1.2239650742511616,0.030025799398374384,1.175576038114909,1.2740047660813205,1.0076058610123593
425,Michał,Wojtkiewicz,PiS,1.2261934156807373,0.034480531906538506,1.1709909385209059,1.2849114401447819,1.0066000175096368
132,Józefa,Hrynkiewicz,PiS,1.228585253350945,0.03164341823979433,1.176360211442137,1.2805198511857088,1.0043144114833764
213,Tomasz,Latos,PiS,1.2309449177302985,0.03216024510658851,1.1805115829382997,1.2874861477031323,1.0025134094613284
326,Adam,Rogacki,niez.,1.2312773986036427,0.03525346396799426,1.176138349213853,1.2901996715203399,1.0387162550891929
236,Gabriela,Masłowska,PiS,1.2317354682215305,0.03428432665754926,1.1756029121458984,1.2879208602954233,1.0053948282709775
341,Małgorzata,Sadurska,PiS,1.2386379627633244,0.03555548731761369,1.1814382640971755,1.2997156917511812,1.0031588079357017
367,Marek,Suski,PiS,1.2463686231282647,0.034146478885332586,1.1908014293719085,1.303003829898956,1.0081704373249414
16,Zbigniew,Babalski,PiS,1.2487784459037883,0.035224768540489025,1.1934676464707163,1.3105099220862475,1.0202122514001195
90,Anna,Fotyga,PiS,1.2488460275571125,0.045683985307959016,1.174089796621095,1.324418302406545,1.0025092644855476
347,Grzegorz,Schreiber,PiS,1.2499747587092425,0.03220741209418599,1.1993199906789003,1.3036990468794536,1.0176620838836603
390,Janusz,Śniadek,PiS,1.2505987083151557,0.03196770753837443,1.1989128416895998,1.3037630904216913,1.011548417597825
169,Izabela,Kloc,PiS,1.2517257378039848,0.04348809283622075,1.1800535866385828,1.3235681387796139,1.0073466181528665
365,Stefan,Strzałkowski,PiS,1.2526476846608505,0.036677935494518775,1.19759213976419,1.3151447802012357,1.0068392770628265
378,Jerzy,Szmit,PiS,1.261176449111835,0.035023244680865026,1.2042317231723,1.31876035119543,1.0033392171645705
371,Wojciech,Szarama,PiS,1.263975636752205,0.03498202386060358,1.208449633645818,1.3240576755258449,1.0027969395673506
475,Antoni,Błądek,PiS,1.2671040373948104,0.05720843220708265,1.1772727545764954,1.3670109546257372,1.0097085821444398
136,Dawid,Jackiewicz,PiS,1.2673749852580178,0.045167302832681465,1.1955555867496361,1.3437907997540817,1.0038294808953827
72,Leszek,Dobrzyński,PiS,1.2702926872277829,0.035772704648095156,1.2118370948084043,1.3297465891440634,1.0060769155862943
332,Jarosław,Rusiecki,PiS,1.2715333637472679,0.045333384201787674,1.20281775113308,1.3494025692558833,1.0082384382658598
143,Wojciech,Jasiński,PiS,1.2742192332959676,0.036699013089045086,1.2153428129027595,1.3360513289850495,1.0119878765907102
377,Andrzej,Szlachta,PiS,1.2745464229367303,0.036842959893383286,1.2166940681582479,1.3371685279149461,1.0089623303593376
441,Łukasz,Zbonikowski,PiS,1.275047801741312,0.03911127676154458,1.2111236482039849,1.3398514547666993,1.016459617932832
3,Andrzej,Adamczyk,PiS,1.2774928786742228,0.03723173256557245,1.219468534828816,1.3406213594940868,1.0354430482147672
286,Anna,Paluch,PiS,1.278088010707726,0.03522404553694837,1.2214219595284452,1.3393622075697236,1.0055934509940267
281,Stanisław,Ożóg,PiS,1.2783544804325853,0.04241705369983867,1.208430432590898,1.348001500506475,1.0068560020116726
395,Robert,Telus,PiS,1.280530738217007,0.03576106289082686,1.2228045118284776,1.3404332639311431,1.0072357539939505
237,Marcin,Mastalerek,PiS,1.2813855815444246,0.03940978160930603,1.2165550832779868,1.3472970081740288,1.0119765485342394
81,Jan,Dziedziczak,PiS,1.2828641356536565,0.03926796784745288,1.2196585662756754,1.3479032897337395,1.0062034310109078
197,Maks,Kraczkowski,PiS,1.2854880867232603,0.0377226726564259,1.224647583512203,1.3516913232923076,1.0209377261667827
245,Krzysztof,Michałkiewicz,PiS,1.2855022071760547,0.03793559894891159,1.2254571642074117,1.3494982363502397,1.0174987308822079
243,Beata,Mazurek,PiS,1.2868447914283314,0.035992593388633885,1.23132719347893,1.3484753498352402,1.00989213002265
230,Ewa,Malik,PiS,1.28765548979979,0.038961270187351064,1.2224650150913121,1.3493758823121307,1.0153303817753718
264,Maria,Nowak,PiS,1.287661992715483,0.038126757155938586,1.2286518640420137,1.3517497227935424,1.0100933524761344
13,Marek,Ast,PiS,1.2889103606369186,0.0390139456037827,1.227712448593455,1.3569504203583866,1.0121313864935146
26,Andrzej,Bętkowski,PiS,1.290327230850035,0.0405841332135248,1.228695127828103,1.3611768495787862,1.0203095481653985
408,Kazimierz,Ujazdowski,PiS,1.291013727752177,0.052559166666441365,1.2066891732464249,1.380015228822766,1.0174072682447073
445,Jarosław,Zieliński,PiS,1.2948666609949364,0.03573853241263009,1.2375403025438554,1.3542393850342183,1.0270632307058967
1,Adam,Abramowicz,PiS,1.2993742172153198,0.04075247902481802,1.2352091396216598,1.3713818600762429,1.0068542721388278
451,Kosma,Złotowski,PiS,1.3017421814407506,0.05001197757217191,1.2190700401311811,1.3844442830274795,1.025514835771003
452,Maria,Zuba,PiS,1.3050755661004358,0.03814980078530565,1.2427234356721293,1.3696218598459384,1.0092914709920178
128,Czesław,Hoc,PiS,1.3069332265356823,0.03646504439365287,1.2479341555344978,1.3676416225144263,1.0073342264346454
278,Jacek,Osuch,PiS,1.3091127035566477,0.03821820751896158,1.248492100948707,1.37397405857555,1.0115791906466667
350,Jarosław,Sellin,PiS,1.3104368916171147,0.04059857112226809,1.2467871934930113,1.3795519018266214,1.0116197677421905
318,Piotr,Pyzik,PiS,1.3105980324696902,0.040489605487888845,1.2458822602333957,1.379418641539697,1.015456468124302
207,Zbigniew,Kuźmiuk,PiS,1.3107101029382509,0.05248217131106004,1.2290225615291093,1.3993586471054202,1.017265435967881
478,Piotr,Król,PiS,1.3107440270090922,0.059174663837135974,1.215232558002502,1.4120387670327494,1.00593947418337
311,Piotr,Polak,PiS,1.3127514753323621,0.03788601673028787,1.251936644801647,1.3780893649983372,1.0063684223453129
42,Joachim,Brudziński,PiS,1.3130290111564418,0.039421363567350765,1.2500852171025758,1.37840641414717,1.0141554070420427
396,Ryszard,Terlecki,PiS,1.3134927882035263,0.040857887095869586,1.250789371986016,1.3849597869552663,1.0120080494966883
148,Krzysztof,Jurgiel,PiS,1.3143892085822417,0.04166112737061302,1.2472972246179614,1.3857000333760476,1.0424750946015464
62,Arkadiusz,Czartoryski,PiS,1.3155915184484972,0.040264892440893506,1.252987924568742,1.3871302074694456,1.0087476360417906
309,Jerzy,Polaczek,PiS,1.3174989158261965,0.0406600343033957,1.2518066699761288,1.3858728500239539,1.0067959533631798
150,Tomasz,Kaczmarek,niez.,1.3192467916587225,0.05102521120910812,1.2424637397440146,1.4113208335915701,1.0220698948698759
274,Marek,Opioła,PiS,1.3194963398880442,0.043150875388214244,1.249032699015021,1.3908807485464785,1.0117582466595922
359,Anna,Sobecka,PiS,1.320579695019531,0.04126448768772958,1.253502575157025,1.3891296902797943,1.0059236794990756
189,Henryk,Kowalczyk,PiS,1.320812806549797,0.040663684927658754,1.2563797127983956,1.3895322456678052,1.006239114086983
502,Krzysztof,Maciejewski,PiS,1.3228682690569518,0.07205085306176429,1.2075137036706685,1.4436008094241473,1.0018254119427084
61,Witold,Czarnecki,PiS,1.323258351802403,0.03886362344836865,1.2582169502767433,1.3868816360515095,1.004240291033581
290,Krystyna,Pawłowicz,PiS,1.3237130241204151,0.04161985106075406,1.2557526897736364,1.3940975217078362,1.0182516525524956
228,Antoni,Macierewicz,PiS,1.3238291230067052,0.03837223271760719,1.2614580660814658,1.3901368585954017,1.011391388898705
361,Lech,Sprawka,PiS,1.3241607134427065,0.041761824608140125,1.2589426503189198,1.3949340841724667,1.024588242904381
437,Anna,Zalewska,PiS,1.324570073677941,0.04218603717878226,1.2567786350517745,1.3962178260678435,1.0052923449559175
301,Stanisław,Pięta,PiS,1.3247852213074447,0.04186123226465751,1.255028550189426,1.3937964638004257,1.0181172677290413
73,Zbigniew,Dolata,PiS,1.3247990455705834,0.039008280999655795,1.2603969411140845,1.3891043973401254,1.0215284393758093
256,Piotr,Naimski,PiS,1.3284143398684125,0.04053582244022063,1.261993709509156,1.398094857505416,1.0182655996728427
103,Szymon,Giżyński,PiS,1.3300997126533036,0.04399993618914066,1.2620129547296726,1.4071541814597845,1.0079997067926272
302,Dariusz,Piontkowski,PiS,1.3306069078595941,0.04131779241048112,1.2658550772919013,1.3964671973557734,1.0074222458241584
370,Paweł,Szałamacha,PiS,1.333837991606944,0.04846040341501132,1.2580505336296748,1.4189241723786086,1.0085902342817168
413,Jan,Warzecha,PiS,1.3343873944535565,0.042966305527752144,1.2645273714946001,1.4062263881073978,1.0176362423018395
224,Maciej,Łopiński,PiS,1.3345882599052823,0.046327474123170086,1.2597416207013443,1.4124325565704192,1.0151823721601445
239,Grzegorz,Matusiak,PiS,1.3383549490778568,0.043430025411560415,1.2705581545373497,1.4123109141917418,1.0102376997028715
25,Włodzimierz,Bernacki,PiS,1.3402161457602393,0.042233818469447716,1.2733410495935746,1.4117701443980166,1.0029974127905454
486,Krzysztof,Sońta,PiS,1.3403167280899972,0.06605908094405534,1.2342562032148936,1.450557726437537,1.0183602130728526
174,Sławomir,Kłosowski,PiS,1.3410027498906008,0.04525860364192517,1.2697120459739675,1.4173606872393247,1.0045523990826666
152,Jarosław,Kaczyński,PiS,1.3429988605864307,0.04691629929070641,1.2674754467545313,1.4207099774773173,1.0115556242394674
492,Marek,Kwitek,PiS,1.343927404877098,0.07497118888453018,1.2306523345001699,1.4773325849026087,1.0124516771273964
77,Andrzej,Duda,PiS,1.345032462146541,0.06259004337231235,1.2475038921791688,1.4549150806532085,1.017688143403232
303,Stanisław,Piotrowicz,PiS,1.3451569277394024,0.0404039124545051,1.2807880477320865,1.4144122990580634,1.009583904160275
45,Barbara,Bubula,PiS,1.3454448675966222,0.041337106516896004,1.2771481425385929,1.4144744814600136,1.0310232300343247
249,Kazimierz,Moskal,PiS,1.3473235300910764,0.04122361524453092,1.280056823347857,1.4175229357951797,1.009407350014331
391,Jacek,Świat,PiS,1.3482337974489644,0.041259544325699345,1.2844057315765227,1.420605732848269,1.0031974192645563
344,Jacek,Sasin,PiS,1.3487633978059141,0.04217598015874359,1.2809097508827125,1.419547950977465,1.0082015123804475
414,Witold,Waszczykowski,PiS,1.3488218220319335,0.04644146987961184,1.2762440142140867,1.4271913816658388,1.0110875238998767
310,Marek,Polak,PiS,1.3493122486867961,0.04391100251229146,1.279835550791999,1.4266470327868523,1.0146012675361833
373,Krzysztof,Szczerski,PiS,1.3495902043904728,0.04606010942139859,1.2809316650270084,1.4347536368695173,1.0147799267444926
113,Artur,Górski,PiS,1.3496238253708106,0.06353921444206943,1.255337472549096,1.4627971613546562,1.0247967328719687
218,Adam,Lipiński,PiS,1.349662856551059,0.0447944190731766,1.2766520125118423,1.4242794080847319,1.0174355475613777
429,Grzegorz,Woźniak,PiS,1.3525814537262757,0.044245099320291525,1.2821361054412588,1.4289329000402071,1.032579212775496
217,Krzysztof,Lipiec,PiS,1.3538203401059148,0.04363954371211538,1.2833020730542783,1.4283974351929314,1.0131714521879083
109,Małgorzata,Gosiewska,PiS,1.354195757569791,0.04673813703739246,1.2742245616052557,1.430486802155299,1.0040080221718757
383,Stanisław,Szwed,PiS,1.3547263803325889,0.04452490839097512,1.2865693307869632,1.4327802841588446,1.0088814955042238
453,Wojciech,Zubowski,PiS,1.3553654744315955,0.0432688269491806,1.2889346460909255,1.4279780569401757,1.0206246075247944
84,Tadeusz,Dziuba,PiS,1.3561946849098339,0.046152103434667274,1.283641040932928,1.433299553510318,1.0210305398287296
397,Grzegorz,Tobiszowski,PiS,1.3576226716046351,0.039090728910500035,1.295907744701628,1.424508069673267,1.0052818078601298
421,Marcin,Witko,PiS,1.3605622942516136,0.050319212803047374,1.2791309601047085,1.44929226391313,1.0210159378780606
468,Grzegorz,Janik,PiS,1.3616203023630737,0.05415487255037089,1.2763932138184144,1.4538939111287212,1.0084791713786352
54,Zbigniew,Chmielowiec,PiS,1.362873137897586,0.044950764261920254,1.2905579123414368,1.4360386652428863,1.0375492401166178
145,Andrzej,Jaworski,PiS,1.3640883860998343,0.04857305062598016,1.2908160283201087,1.4495473315531673,1.0095409177762802
233,Maciej,Małecki,PiS,1.3645491808160235,0.04628266054753941,1.292069521532072,1.4449615283509822,1.0033957658983388
156,Mariusz,Kamiński,PiS,1.3652219208054943,0.04470789499033326,1.2945767981876708,1.4409140888919878,1.0315203128861092
227,Marzena,Machałek,PiS,1.3658746548137644,0.04421485582062334,1.2954653407779084,1.4429908103096933,1.0551132215644408
135,Michał,Jach,PiS,1.3667136445215806,0.044497046529158465,1.295804417530017,1.4436458734590472,1.0075875153481997
208,Adam,Kwiatkowski,PiS,1.3667316969511425,0.04915638033204306,1.2861605407456809,1.448080046449516,1.0177114139790795
108,Kazimierz,Gołojuch,PiS,1.3674405379867813,0.04472922555270456,1.2984950789558678,1.44759210942032,1.0061427221456258
384,Beata,Szydło,PiS,1.3721295374108011,0.04565720529945947,1.3010814204925596,1.451216642633175,1.0495030148115412
242,Marek,Matuszewski,PiS,1.3764295557173198,0.0443949536006942,1.307789381243601,1.4532085219340234,1.0126944908121047
349,Dariusz,Seliga,PiS,1.3775843872526856,0.052844817890219484,1.295400606129177,1.471043776721038,1.0162496265992953
6,Waldemar,Andzel,PiS,1.3792901927524106,0.04708258475191455,1.2997868507533303,1.4557787314162698,1.0211549750161941
8,Jan,Ardanowski,PiS,1.3804148710787127,0.047977487042832105,1.302689538323807,1.4651408237556984,1.0245191685527797
483,Jerzy,Sądel,PiS,1.3808618459050679,0.0787002937641855,1.2614785030097269,1.5172570120232816,1.0115714541057101
138,Wiesław,Janczyk,PiS,1.3849994085806483,0.04344302745679617,1.3153140371438634,1.4563411817739698,1.044251329115622
22,Barbara,Bartuś,PiS,1.3851621317741118,0.04942247322336567,1.3053267149100252,1.465776826910951,1.0135205739546334
7,Dorota,Arciszewska-Mielewczyk,PiS,1.3868318909641377,0.05029794302786943,1.3064114102479099,1.4737205435493284,1.0230877322340337
67,Edward,Czesak,PiS,1.387284993504651,0.04917801802113931,1.3077131638294561,1.4678173733563944,1.0085578432709925
31,Mariusz,Błaszczak,PiS,1.3893330072414212,0.0486449501077164,1.3124069790385409,1.4719226102279896,1.0125242234274425
17,Piotr,Babinetz,PiS,1.3900431294514735,0.04811459429840664,1.3151422358927496,1.47312990872423,1.0295401712461048
205,Marek,Kuchciński,PiS,1.392265377164663,0.04784108517142381,1.3165560676186425,1.4728429195824069,1.019261910161445
515,Krzysztof,Głuchowski,PiS,1.3934833865458074,0.21992891293392183,1.0776838342275505,1.7917160319636551,1.0014101434056157
394,Krzysztof,Tchórzewski,PiS,1.393720476563141,0.04865845116279862,1.3190784799464275,1.4707832855121274,1.0383836305668082
199,Leonard,Krasulski,PiS,1.4005928901409659,0.05308029134535763,1.3149715156388373,1.4934352504863504,1.0117166680010745
9,Iwona,Arent,PiS,1.4009108199086906,0.049741152478624595,1.3242351282829705,1.4868615425920784,1.0125946643494832
440,Sławomir,Zawiślak,PiS,1.401086819302161,0.04961638051561722,1.3201256011319054,1.4832476454587087,1.015629874428931
179,Lech,Kołakowski,PiS,1.4024671529405008,0.05025815234595624,1.3234260344360087,1.4880267731911159,1.0147582446659251
24,Dariusz,Bąk,PiS,1.4073887697213345,0.04945584426852029,1.326277152544121,1.4893825740583104,1.0136421740759407
340,Bogdan,Rzońca,PiS,1.416208763399826,0.05135599118959689,1.3336666216721056,1.5057898149952247,1.0307924474550263
496,Marcin,Duszek,PiS,1.4168900507851683,0.09510469617678222,1.2688548712381755,1.5774925735444065,1.0239021424464467
420,Elżbieta,Witek,PiS,1.4201774402428469,0.05611582548233369,1.325070405417759,1.512095976929138,1.0102966584567221
87,Jacek,Falfus,PiS,1.431301245833127,0.05630011282719171,1.3404556024145882,1.5254854531226725,1.0351801675482972
180,Robert,Kołakowski,PiS,1.4365631336079268,0.05557420437232398,1.3553461580773134,1.5344287991835595,1.008346297329851
322,Elżbieta,Rafalska,PiS,1.4424101530871944,0.05560510522828164,1.3560340010346463,1.537731270523646,1.0202924056525366
477,Piotr,Ćwik,PiS,1.445649445773524,0.08293823081968653,1.3176456255927378,1.5884082145090244,1.0119924610634619
485,Kazimierz,Smoliński,PiS,1.4464982995201774,0.08298144333335114,1.3243918847721379,1.5926498435033458,1.01101243165798
491,Czesław,Sobierajski,PiS,1.4476714654402512,0.09421298768944204,1.3078491249724649,1.6170233622368182,1.0137419886185017
513,Daniela,Chrapkiewicz,PiS,1.48334016903608,0.25558154287694085,1.107779246443296,1.9402124522688242,1.001944727461399
498,Jarosław,Stawiarski,PiS,1.5449091623659308,0.11665110004214535,1.3540774006227574,1.743600265799515,1.0243153639466738
514,Filip,Kaczyński,PiS,1.5798463416466118,0.29048478243292564,1.169735355636203,2.1109949875934926,1.009292411902022
512,Urszula,Rusecka,PiS,1.5996902556666084,0.1789551902743923,1.3341922802617217,1.9228608340554842,1.009924544173449
516,Michał,Dworczyk,PiS,1.6037831950264418,0.42301188853494515,1.0493109723682952,2.4158771966042583,1.004335204385962
