mp_id,club,last_name,dim1,dim2,dim1_sd,dim2_sd,dim1_lo90,dim1_hi90,dim2_lo90,dim2_hi90,rhat
1,PiS,Abramowicz,0.8003970750301318,0.05916752121671709,0.03370758418386061,0.08148239770629338,0.7464061882581474,0.8573305986046635,-0.07873653117003272,0.19033259635494748,1.0060715297458314
2,PiS,Adamczyk,0.7500188386995054,-0.06336558405596625,0.0267060433700428,0.08327169065657594,0.706630922829529,0.794152624435575,-0.2005780636660484,0.07323437113099854,1.0089442019277142
3,PO-KO,Ajchler,-1.0631096708432244,-0.20600236984236395,0.022095441686939662,0.070145961294017,-1.0995903442999915,-1.026933761202853,-0.3214953698305684,-0.09290967193373631,1.0032565239610034
4,niez.,Andruszkiewicz,0.12488800967040192,1.2445255310993286,0.009611249587476705,0.035323725008765905,0.10987061013268887,0.1410246747195814,1.186508691025093,1.3031079598547821,1.0245467771758086
5,PiS,Andzel,0.95117531056134,-0.4192648234671983,0.04669521649170644,0.12307474136919597,0.8742879141101502,1.0288512767628715,-0.6259559216437935,-0.21804600938956956,1.015011661928755
6,Kukiz15,Apel,-0.5713555203566941,2.6215698943755683,0.013783466052932866,0.05375152730795668,-0.5941608618287769,-0.5486904972220096,2.5342598287859235,2.7107023081749166,1.0042932692456508
7,PiS,Arciszewska-Mielewczyk,0.9392840187761105,-0.36944475651549835,0.0451936932231926,0.1209696333355961,0.868285311165283,1.0175894118682387,-0.5729238616395567,-0.17686573062386765,1.0130820784628256
8,PiS,Ardanowski,0.8792567940098054,-0.11792327766269031,0.03710761583860833,0.098794541863508,0.8205644369889247,0.9426727860209718,-0.28154491051884056,0.04164060952872723,1.0160306968781208
9,PiS,Arent,0.9655970693702982,-0.2769392384156712,0.04702217626167577,0.11907523949158727,0.8887462220248283,1.0452652831730573,-0.47632310937714245,-0.08957870040322881,1.0210991117173525
10,PO-KO,Arłukowicz,-1.2703430394371182,-0.7487327677794714,0.03534621887704311,0.10797702187390906,-1.3292613273566036,-1.2141539206876828,-0.933136460796182,-0.5760074919322837,1.0088235432056307
11,PO-KO,Arndt,-1.3128247934848831,-0.9848541510862787,0.033950116653153194,0.11712032538834374,-1.3702897101898424,-1.2588698234423703,-1.1814809142788292,-0.7972318580511341,1.0128021464403685
12,PiS,Ast,0.9096005812054082,-0.4064625795727994,0.04269058718959866,0.11708674176003359,0.8436136419089967,0.984026981490169,-0.5999939501783377,-0.21318679240966074,1.006235146774254
13,PO-KO,Augustyn,-1.54223934147134,-1.601583501791435,0.06012640687147825,0.19622223407169892,-1.6425625597275904,-1.4458589819116285,-1.9333705232435408,-1.2845117452903259,1.0273128621816716
14,PO-KO,Augustynowska,-1.0826955350984409,0.7217946824379838,0.019908528984752257,0.0466931278513457,-1.1152912526622878,-1.0500130594490213,0.6437846695536543,0.7950670166320549,1.0051365986177647
15,PO-KO,Aziewicz,-1.1366007892795844,-0.441999725722994,0.02285420262821656,0.07592984928246199,-1.1748299747256508,-1.099856972719401,-0.56824253052959,-0.31906958545326847,1.0038762996215618
16,PiS,Babalski,0.8044234985765867,-0.27138069072959037,0.030552660820067058,0.09008917953401997,0.7552643351652354,0.8563033442910972,-0.4219439260771245,-0.12476682863076062,1.0055598654149962
17,niez.,Babiarz,0.7118198460085193,-0.06335446402186873,0.024526959430385326,0.07456700664315323,0.6724333314618475,0.7528894563934687,-0.18596999494960048,0.059552484803955155,1.0053894915531152
18,PiS,Babinetz,1.020124389740438,-0.4987193385369282,0.05650142919316248,0.1354271787213807,0.9342003477021558,1.1173443480985825,-0.7239675880697924,-0.2818341161989968,1.026966656482544
19,Kukiz15,Bakun,-0.2502082164673565,3.1901705546873522,0.01351157830496735,0.08750055589355116,-0.2720755389980789,-0.22784177917821405,3.0543832980070045,3.335573900271179,1.0079747795516463
20,PO-KO,Bańkowski,-1.3162810963368075,-0.8967268405457002,0.035537654656919694,0.11148742431808346,-1.3756396940883069,-1.2590580571205976,-1.0831623970016289,-0.7170393575525078,1.0243147650952962
21,PiS,Bartosik,0.9647967077378975,-0.2868608923040284,0.05135048274604001,0.12209004174325706,0.8846180428125803,1.0548991021948915,-0.491563485772328,-0.08941484651555337,1.0360514705286994
22,PiS,Bartuś,1.0655365250590523,-0.5257890865283089,0.06681901965766336,0.15191135960771004,0.9657315264722244,1.1819173409037045,-0.7830934906012607,-0.28501665259091374,1.077349630895105
23,PiS,Baszko,-0.2188712458910919,0.10157870369609939,0.006974409401976227,0.028282636640182292,-0.23039856090632113,-0.20741913714762966,0.0548875040475728,0.14784051129128425,1.0249559114476408
24,PiS,Bąk,0.9849524813448292,-0.03975386774698194,0.05078340066277211,0.0932655146448792,0.9088102085220763,1.0735948872548695,-0.197544844732659,0.11081073916061812,1.0269914497494608
25,PSL-KP,Bejda,-0.7831455359644216,0.9489140371932661,0.012721025526114592,0.03863318389298735,-0.8040685184278998,-0.7623649393235431,0.8853005306525683,1.0125751479575815,1.0142605653067858
26,PiS,Bernacki,0.8882127891107693,-0.2557108535897963,0.04046380158608492,0.10937148804971289,0.8238069455244098,0.9571972681302349,-0.43813227923563364,-0.07786961817297944,1.0105229527443167
27,PO-KO,Białkowska,-1.2609485214901797,-0.8486432164920993,0.03363708422206728,0.1146546471810865,-1.3172618440179484,-1.206190027158202,-1.0397580107708453,-0.6607405324704053,1.0176729957325263
28,PiS,Bielecki,0.9512481865666396,-0.2544160237047458,0.04502297191661236,0.12042540222432101,0.880553304471058,1.0280539532499005,-0.4588754721566848,-0.05920986669844017,1.0189926412000423
29,PSL-KP,Biernacki,-1.1578473112997076,-0.530039372032579,0.024646323528541302,0.08334840035028555,-1.1992435598194349,-1.1180703624603714,-0.6682398174999832,-0.39450371366130393,1.0147483911202488
30,PiS,Biernat,0.9618995450306965,-0.2701428849178892,0.04706611836136156,0.1220815928119218,0.8884584121711637,1.0461963878249652,-0.47984103211263385,-0.07718119809699639,1.0290807439517493
31,PiS,Błaszczak,0.9387788168939797,-0.353314749541648,0.044477132549819436,0.1189680349526534,0.86816025765679,1.0131640375559603,-0.5545983473275946,-0.15964676012546034,1.0087993295104605
32,niez.,Błeńska,-0.2050549415484514,1.56655702273792,0.008110512130191495,0.033610787009196424,-0.21821839487406433,-0.19162189190843865,1.5115118661091975,1.6217079574981461,1.0042634599544356
33,PiS,Bogucki,0.7006113717778116,-0.022933524910188654,0.02282683634000612,0.07398005304069208,0.6637237994990605,0.7395654415550456,-0.14564916867285765,0.09868807386412858,1.011904309577701
34,PO-KO,Borowczak,-1.2932848469852734,-0.8583775282802216,0.034924238851266144,0.12070268001866158,-1.3517665991908512,-1.238522841020895,-1.060320050891868,-0.67032681142204,1.0123043019285907
35,PiS,Borowiak,1.0012597705246207,-0.4355181020952413,0.05301668595888199,0.13267197488272775,0.9195892224546397,1.0931273764215956,-0.6578106942890531,-0.22038722141039638,1.0213928584869294
36,PiS,Borowiec,0.9289689726813966,-0.13350822813040464,0.04669855973158687,0.10842019233532334,0.8574115144115783,1.0093282659756107,-0.3156090301662156,0.043021382371258694,1.0147759746959273
37,UPR,Zielińska,-0.48284158456369686,3.209416526690626,0.014179191104722348,0.07632510316385278,-0.5062423527860906,-0.4596573628670784,3.0875995314714246,3.3371261598939896,1.0101884506700851
38,PiS,Borys-Szopa,1.016055636726152,-0.43016977741249257,0.05982353018226957,0.14040044143289734,0.9280995417963205,1.1205110118809554,-0.6770090393162279,-0.2122061509023718,1.0300743619744592
39,PO-KO,Brejza,-1.085010329258007,-0.3843347177489132,0.023408627234496045,0.07574274329979198,-1.1241340073435067,-1.0469197027584243,-0.510931767663064,-0.263238786110405,1.009691332793884
40,PiS,Brudziński,0.8947318160643742,-0.18275389248860985,0.04400733385302798,0.11306145599036078,0.8245658300246749,0.9692828222362695,-0.3756766765970817,-0.0030775158866845316,1.0088803152994548
41,Kukiz15,Brynkus,-0.21824994457849975,3.119433948085914,0.011580364080770525,0.07895035278300538,-0.23706508004631469,-0.19900131550427977,2.9966958850806176,3.255742897432076,1.014787049272838
42,PiS,Bubula,0.7169039356884617,0.3217222414256679,0.023482209234638847,0.05742429695380448,0.6791902252116263,0.7564870985969211,0.2247717492751664,0.413199061606759,1.0050057594794846
43,PiS,Buczak,0.9534091147605211,-0.22143395689776266,0.04970650518231179,0.11712232865786942,0.8788576703829853,1.041033962890948,-0.42032725307651597,-0.03924908537940353,1.0363495509299465
44,PiS,Buda,0.8296546705130199,-0.1775665948271489,0.03210325713396455,0.09631550406560271,0.7781525706404064,0.883268135821664,-0.3384172702676126,-0.022969853469548218,1.0060542050118408
45,PO-KO,Budka,-1.1937377194499474,-0.6193060201897018,0.027734183385123744,0.09359688395941197,-1.239700966311304,-1.1480232333689762,-0.7732782320672614,-0.46663593197721437,1.0136944118088476
46,PO-KO,Bukiewicz,-1.2867344670968097,-0.8419600403464428,0.03809620075058472,0.12797389277470722,-1.3512815688230353,-1.2251069278336755,-1.060774900581118,-0.6403861619199356,1.008600017125548
47,PiS,Burzyńska,0.9465864294481846,-0.2967624391443922,0.045472764290672166,0.12214822629060582,0.8745335463983255,1.0238029581328743,-0.5035142053138442,-0.10317875322121063,1.017828623018746
48,PO-KO,Chmiel,-1.1940122050993167,-0.5637580064819041,0.02724417047325624,0.08786024958004088,-1.2389810391756615,-1.1496612287213306,-0.7089787878728284,-0.42159440086231087,1.0016219713378076
49,PiS,Chmielowiec,0.8558128999804927,-0.04133831479533721,0.035857713475770776,0.09025392173990472,0.8000719265934801,0.9181522272612069,-0.19391389181208002,0.10339520738287321,1.0095775292654576
50,Kukiz15,Chrobak,-0.41994212024031924,3.148798103391266,0.013564154644618352,0.0738494169005531,-0.4423205041777359,-0.3976740798940897,3.0307899210753373,3.273060291221885,1.0077411815421948
51,PiS,Chruszcz,0.13824669459965783,1.2486415059662,0.009974931827984784,0.036330183086638004,0.12275407492177012,0.1550012162851687,1.1890615914206955,1.3086564974467083,1.0194506451997147
52,PO-KO,Chybicka,-1.4041589511975916,-1.104767007870044,0.04167362527045117,0.1450088922496983,-1.472985459116124,-1.3362374126259144,-1.3504984578585444,-0.8761620273601057,1.0108413184997003
53,PO-KO,Cichoń,-1.229602753688293,-0.716201137310657,0.029541491542534475,0.0971395879401846,-1.278885932168587,-1.1822652882486768,-0.8793159999862246,-0.5615089520609277,1.0054848333454423
54,PiS,Cieślak,0.8012760550411131,-0.08538889167102126,0.03131331744732522,0.09121919491511905,0.7509647050167917,0.8541598101689664,-0.23633786012902852,0.06252697755648311,1.0095837108154622
55,PO-KO,Cieśliński,-1.1529973813037422,-0.5592123523520851,0.025553134484024975,0.08895946721189002,-1.1956740468675433,-1.111617597363467,-0.7073162065129922,-0.4152523635590317,1.0134540273357961
56,PO-KO,Cimoszewicz,-1.396221717704404,-1.1719023287493244,0.04980735604245051,0.15885595332136537,-1.4840173471808582,-1.3188228588797486,-1.4405593481249914,-0.9228642908371819,1.036608336329798
57,PiS,Cymański,0.7677382564835461,-0.12023394240321118,0.026763868183741442,0.08465867423822669,0.7240515664451481,0.8128535555195537,-0.2613330111424196,0.01867833302850935,1.0120444600691139
58,PO-KO,Cyrański,-1.0796617740993404,1.3496251857935755,0.018032192947823048,0.04917492654044424,-1.109506948733595,-1.0501309377330428,1.2676938971355178,1.4278150059196584,1.007730787298362
59,PiS,Czabański,1.0451217593904898,-0.4773445513158151,0.06160220703722719,0.14424950468343054,0.9485698840012068,1.1535583899014001,-0.723626755789844,-0.2518746565822229,1.0416481238628652
60,PiS,Czarnecki,0.7876745635003625,0.006449602625793615,0.029439603162446457,0.08303729051522732,0.7412335240783443,0.8369567070136844,-0.13122837056096434,0.14106184923836637,1.0060386836934725
61,PiS,Czarnecki,0.8852954860754575,-0.28251607960762765,0.04126555326657862,0.11283955448159413,0.8197676532091381,0.9546958285633641,-0.47528794909147387,-0.10289045255637826,1.0139143305282359
62,PiS,Czartoryski,0.7784972187441135,-0.17996403058376156,0.027923046402824236,0.08729658250211222,0.7330169703215587,0.8253704435659004,-0.32557830103064467,-0.03852393299009645,1.004756283285583
63,PiS,Czech,0.8998198503289648,-0.13728638492248285,0.03857455634404203,0.10176233142455154,0.8383956502450823,0.9657303383912462,-0.3046188264643488,0.027527390149993742,1.0177143198156393
64,PO-KO,Czernow,-1.2444385366946928,-0.7843701715626384,0.030625324800989992,0.10432962477722496,-1.2964756612294432,-1.1959399784539977,-0.9591789375741798,-0.6167431450838922,1.0063615215043131
65,PiS,Czerwińska,0.9294622647154621,-0.313104541341663,0.04375232774036765,0.12012418096207615,0.861779923873318,1.0039296028963325,-0.515876082502174,-0.11973026860477566,1.009374822130356
66,PO-KO,Czerwiński,-1.411135193786641,-1.2663595553493165,0.044593678303043914,0.15265069030458195,-1.4855503377348438,-1.3392999219883528,-1.531225593134729,-1.0259852069715636,1.0280512847867602
67,Kukiz15,Długi,-0.48106279232074955,2.5126548735743506,0.013491291048971182,0.05513762023003092,-0.503146956385235,-0.45885167448255587,2.4233067460160305,2.6050016717733353,1.003047819353278
68,PiS,Dobrzyński,0.8953504943741416,-0.3439608204063861,0.038350600603388386,0.11190742696073602,0.8350767106218712,0.9601524830371917,-0.525877182594528,-0.1587811685831121,1.0135584646625813
69,PiS,Dolata,0.85691869868782,-0.1466159620619429,0.03562851386585447,0.09896393616371538,0.8023914022344077,0.9176728965609698,-0.31251715283092385,0.01470865247877283,1.0160704471484692
70,PO-KO,Dolniak,-1.1499395063018385,1.4196103733373333,0.02031985135723977,0.05209610322227137,-1.1832663910918106,-1.1167575839428063,1.33264703237737,1.5020255297170946,1.0027363287474043
71,PO-KO,Drozd,-1.331484645562253,-0.9429761876090547,0.0377243538280786,0.12637312527990732,-1.3930160270796677,-1.2694832164181034,-1.1562825461573074,-0.738301486505561,1.0080825706108063
72,PiS,Duda,0.9664088928906472,-0.3435880683025173,0.04835166145519042,0.12538357802695052,0.894864418571076,1.0555795772495444,-0.5552715428318948,-0.14613466708541686,1.0136266920832775
73,PiS,Duda,0.8631938163974233,-0.11756865314606132,0.033671480360692264,0.09490853742437429,0.8093167533749092,0.9208962281007101,-0.2794437158514163,0.03285967502920886,1.01346762056107
74,PiS,Duda,0.8560473909927642,-0.06158429769114384,0.03512306981929199,0.0987534372655374,0.7994824503060727,0.9136793779240976,-0.22964343611785218,0.09559607984834415,1.0067974326382252
75,PO-KO,Dunin,-1.3313183928813017,-0.8112067903374978,0.03504461931191586,0.11156293738814843,-1.3910022931720076,-1.2741969554995092,-0.9985131846161892,-0.6304897224036948,1.007127928861227
76,PiS,Duszek,0.904615572690699,-0.2515313744083648,0.03983454928340305,0.10620275150650411,0.8406239097355621,0.9706027557324087,-0.42484865836310287,-0.0758956001874239,1.0248957593751964
77,PiS,Dworczyk,0.8083444373718734,0.021768009833946715,0.031680190105637995,0.08468985914956019,0.757735494666524,0.8611858284968504,-0.12020130495251431,0.16043498674061366,1.0083907621318788
78,PiS,Dziedziczak,0.597328732660637,0.0954305143541608,0.0171974418895977,0.060460666990580975,0.5691507483767594,0.6258021989751018,-0.005135059319582918,0.19434390923316228,1.0023885922877218
79,PO-KO,Dzikowski,-1.235125289299896,-0.6357616420306413,0.029898250110295975,0.09461026402698663,-1.2859178899203996,-1.1874809369448873,-0.7930006043666787,-0.48256616384451445,1.0181523830236525
80,PiS,Dziuba,1.0166556057782226,-0.37968154431155693,0.05211758618980403,0.13910574546794333,0.9325483814421216,1.105921924063609,-0.6123467572839469,-0.15480049864341425,1.0234629082753315
81,PiS,Dziuk,0.9177209362177342,-0.2690710067833952,0.04416707571292206,0.11323774938210757,0.8503181570891138,0.9968092218708209,-0.45679974093050124,-0.0870538018669591,1.015224564660983
82,PO-KO,Fabisiak,-1.2289479095130018,-0.9131142213415419,0.03009737126592717,0.11051119824317061,-1.280043370859438,-1.1799128309873683,-1.0997812388909713,-0.7357548584344372,1.0052656467226304
83,PiS,Falfus,0.857290645360125,-0.11890586058604076,0.03784787757025626,0.1025613735377515,0.7989011370780406,0.9228071607636328,-0.2926031269522231,0.04411379477625917,1.0094892768884707
84,PiS,Filipiak,0.9534978815269098,-0.3063307466670386,0.045618593669944786,0.12743840321058938,0.8823027546352811,1.0335323619398706,-0.518428925463929,-0.0960900056514312,1.0233521759221564
85,PO-KO,Frydrych,-1.4245620846852294,-1.369327182596015,0.04781678992270231,0.16469670402097175,-1.5110117221501982,-1.3523925243061956,-1.6620636939763278,-1.1156367035360217,1.0483041308887338
86,PO-KO,Furgo,-1.0593208784098476,0.6250438889081612,0.0190271533602745,0.04575771801168267,-1.0911133806655686,-1.028146616568946,0.547402689474941,0.6970125918853649,1.0041740836306072
87,PO-KO,Gadowski,-1.3523147409463678,-0.9982057642852312,0.03934185301446173,0.12901137805334317,-1.4180177720206677,-1.2897963277924958,-1.221961610736817,-0.795325743581026,1.0116763407351672
88,PO-KO,Gajewska,-1.312906463490619,-0.8895849443724461,0.03682205734890067,0.12077379001800101,-1.3727338274925316,-1.251252162073696,-1.0888404409045938,-0.6945974301382714,1.0125802948535827
89,PiS,Galemba,0.9352488543960459,-0.120988195741504,0.044287255121276896,0.10109018861440491,0.8651761572035451,1.0108176468841026,-0.29066399950830285,0.0439251101939824,1.0247927805189003
90,niez.,Galla,-0.6257461007419278,0.39269074493770484,0.009804848900063383,0.036265429226242575,-0.6419703868848756,-0.609615539026476,0.3320373536411794,0.4509657111349413,1.0108381721468516
91,PO-KO,Gapińska,-1.369716439546164,-1.2467427638010788,0.04231292687410696,0.14727576830768793,-1.4418136492056262,-1.3019379775918847,-1.4966677473847647,-1.0051340939093265,1.0115409367265034
92,PO-KO,Gasiuk-Pihowicz,-1.1147389155604248,1.2649034977519242,0.019532005177464208,0.05298435935074198,-1.1467882193154226,-1.082459472804388,1.1770463103109876,1.3476427623122822,1.0058396708101052
93,PO-KO,Gawlik,-1.2817897265075058,-0.8180096688798368,0.03475007598241328,0.11068490926327962,-1.3401792230537564,-1.2270072251923632,-1.0044510977357513,-0.6452181262205908,1.0166725177845741
94,PO-KO,Gawłowski,-1.2304610000624803,-0.8151728087988827,0.03471911272532326,0.11998497584742433,-1.288381737664907,-1.1741869289101468,-1.0174918354471645,-0.624324042608164,1.0070183903793455
95,PiS,Gawron,0.911132505005983,-0.11317892529654225,0.043652089411491145,0.10386228943441327,0.8426364957322658,0.9860933164942493,-0.28697406541497067,0.05570403200221271,1.012329722482288
96,PO-KO,Gądek,-1.2749604696031804,-0.8565431991392471,0.03474876323414849,0.12053649323369088,-1.3341788748895347,-1.220168635644201,-1.0656054168195366,-0.6652446063911062,1.0096756014589856
97,PO-KO,Gelert,-1.3708425207181785,-1.0357385543555653,0.04321840443036009,0.1402358869561601,-1.4432097620329494,-1.3014017071402146,-1.26815960654011,-0.8109278997318238,1.019501918857142
98,PO-KO,Gierada,-1.1351494953944246,-0.5045166584400318,0.02349172542803483,0.08187744759298152,-1.174449906747533,-1.096910507816238,-0.6395134586179002,-0.3725826446706578,1.0102108992466436
99,PiS,Giżyński,0.7215803099097192,-0.06482956994666171,0.024543844804594303,0.07911795945262028,0.6817888251546903,0.7622080391001967,-0.19293421438646377,0.06671375857717285,1.0030987211493188
100,PiS,Glenc,0.8443617919247388,-0.2126505942242598,0.0334158961174466,0.09981515129572122,0.7909645369471964,0.8996268292518899,-0.3821473477856652,-0.05097053184005544,1.0184299251273718
101,PiS,Gliński,0.8875987613744112,-0.23063777872497768,0.041671598960704596,0.11738847770903969,0.8228443027615802,0.9608789122169729,-0.42514391324590506,-0.04075613299465324,1.0253369614925387
102,PiS,Głębocki,1.0182738799388578,-0.4266762639252695,0.0649656640544673,0.1503112470904951,0.9143124798873626,1.1254813037811464,-0.682817861589223,-0.18754919864727956,1.019915056527911
103,PO-KO,Głogowski,-1.204555835195677,-0.5155041494579701,0.02808958093843759,0.0866946396956258,-1.2518978714055118,-1.1594066415096809,-0.6606850068251049,-0.3754392283955094,1.011999803316178
104,PiS,Głuchowski,0.9483564174204921,-0.2245001082723693,0.04710895905777667,0.11613434518390615,0.8754225302943508,1.0318468074566605,-0.4236676151915627,-0.039333297636009956,1.0268125331121005
105,PO-KO,Golbik,-1.0951400930821524,0.6402157701701311,0.019720028656464172,0.047042956850696795,-1.1282754818449787,-1.0631745317715724,0.5612416232146594,0.7146466614446051,1.0096734231411444
106,PiS,Golińska,0.9265175669238335,-0.17611745033890025,0.044494263512313816,0.1100747489323432,0.8585465250464902,1.0025410269975124,-0.3633336511472573,-0.002427218033057613,1.0149255304958902
107,PiS,Gołojuch,0.9547739628098623,-0.266591727638734,0.04856922643432523,0.12071699954947385,0.8773234075985028,1.0375530335398118,-0.47772895582864094,-0.07736495589471556,1.0539178250201668
108,PiS,Gonciarz,0.9512445496094324,-0.4459565749142835,0.047042766366127337,0.12284512430056829,0.877222892426992,1.0311510218863424,-0.6519580474377764,-0.24922877760477705,1.0342620546773822
109,PiS,Gosiewska,0.9496871756968254,-0.23882824379667328,0.04821909563010485,0.12045003812790435,0.875674015466466,1.0337329243476743,-0.43605514951986235,-0.03972454262503386,1.0311610636478015
110,PiS,Gosiewski,0.8983899623770017,-0.12217434059814564,0.03845992298414497,0.09834543537321537,0.8374041586590142,0.9636210968694984,-0.28694768135386994,0.03849899493624961,1.0221393384232398
111,PiS,Gowin,0.8137707003827032,-0.014752001470986272,0.034006455511839985,0.09364231140186098,0.759853358462338,0.8727084125596947,-0.1710546524949093,0.13649311851606044,1.009185317084837
112,PiS,Górski,1.1590104001006287,-0.49668101055686764,0.2804228765914894,0.4554743782645435,0.7592457379782656,1.6732667499033658,-1.3027806800825834,0.17864907571204727,1.021582977645616
113,PO-KO,Grabarczyk,-1.4368141904884288,-1.150601056708622,0.04517539009202569,0.1474745177792311,-1.51080434685336,-1.361246787090343,-1.398703775261501,-0.9140619354536144,1.0190517614876027
114,PO-KO,Grabiec,-1.2616801408411307,-0.8635874069074504,0.03177257463173677,0.10581080590293074,-1.3148173286811753,-1.2104284388222857,-1.046477118074069,-0.6957808444181421,1.0174239718919589
115,Kukiz15,Grabowski,-0.4570770099238487,3.3495499125131625,0.014078991487947052,0.078250545285405,-0.48017504592687876,-0.43399875086910655,3.2269385343365813,3.483259227624526,1.0137219147680228
116,PO-KO,Grupiński,-1.383046693872756,-1.183869111246501,0.04251945358282772,0.14341172870703447,-1.4578147262433443,-1.3164839045458814,-1.4299314831285341,-0.9566264466470547,1.010905998026483
117,PiS,Gryglas,-0.12771482230087908,0.20216537935054427,0.007065457097618501,0.027508383598169164,-0.13930394824262377,-0.11603136959192789,0.15678226366620351,0.24764409827045508,1.0350780309143086
118,PiS,Gwiazdowski,0.9392332399710088,-0.15662526764173068,0.04469563925745266,0.11203152035074378,0.8705729657580551,1.016905491069976,-0.34763066405736426,0.019868229992911643,1.0160448083341354
119,PO-KO,Halicki,-1.3925809854248061,-1.3368739347978087,0.05117033453586553,0.16815471717423877,-1.4780057145557748,-1.3099293196085504,-1.6231119979379272,-1.0695200081476064,1.09434202982146
120,PiS,Hałas,0.7539768787414564,0.1420350907426136,0.027896657693599128,0.07128279893455469,0.7103782550368305,0.8021380123926213,0.021892447629591333,0.2571439561863965,1.0135618897196725
121,PO-KO,Hanajczyk,-1.2870226536573581,-0.9512301361670843,0.034140414128315894,0.11665710207451517,-1.3435361269381805,-1.2311004967822197,-1.1443704811040962,-0.7618756472817364,1.0101150027737804
122,PO-KO,Henczyca,-1.2434464874736617,-0.6971189975772112,0.03185886104571374,0.09751727325606584,-1.2974097259006567,-1.1920470099665603,-0.8576466724077796,-0.5391159084400504,1.0077134880252998
123,PO-KO,Hennig-Kloska,-1.158347238617522,1.436539283407501,0.01974473827187988,0.05235341929138402,-1.1910845461022124,-1.126057404744421,1.350279005246849,1.5185680583934924,1.005196483927884
124,PO-KO,Hibner,-1.429645115994229,-1.2859148230693653,0.05219744760605185,0.17524184664959425,-1.519455399539203,-1.3489113249174718,-1.5967204628818568,-1.0212005831237765,1.0444900592444941
125,PiS,Hoc,1.104976715234691,-0.23377437264913578,0.3992461937261664,0.5910117082273102,0.5616967525625464,1.8398693941095359,-1.2638200077778137,0.6811008161394987,1.0090359987385398
126,PO-KO,Hok,-1.356571597079113,-1.0624234796272463,0.0404539244893551,0.13680290017863317,-1.4259099033518756,-1.2925075382417988,-1.2982446444585054,-0.8519064446046455,1.0117736030290705
127,PiS,Horała,0.8888371888968964,-0.16071353459916057,0.03856639773423212,0.10328526674291823,0.8255329608335602,0.9530530286898946,-0.33934652864387643,0.002553169470238362,1.015297904105407
128,PiS,Hrynkiewicz,0.7397316113141232,-0.11766660404059362,0.025371915369078665,0.08364839717932915,0.6990660439026319,0.7831200976039701,-0.2556595159951853,0.01830893322443264,1.010972866477046
129,PSL-UED,Huskowski,-1.0726041310624759,0.5945302026891336,0.023416834823377884,0.05063210615316267,-1.1119114945752924,-1.034916528218825,0.5107235510174326,0.6769090669929138,1.0066847199882256
130,PiS,Jach,0.8601899976729169,-0.3043451109412391,0.0377192596988212,0.10562679588748052,0.8003677483871207,0.9244944544862698,-0.4792822306485259,-0.13223207535161874,1.0097363012958216
131,PP,Jachnik,-0.23768046625130076,3.183551969191669,0.012642819517496556,0.08434944533457571,-0.258340987872537,-0.2167693481938848,3.0472483398585495,3.325042547683178,1.012199400722667
132,PiS,Jaki,0.6914255447651463,0.04987741258684466,0.024047998678214225,0.07422901730972488,0.6525563420254387,0.7313614184854258,-0.07389066747984936,0.17099674963259112,1.0040753181574449
133,niez.,Jakubiak,-0.10518718138944566,1.7248818123721013,0.008717729743999043,0.03570151651857577,-0.11928024312604887,-0.09073944759201656,1.6666456844310888,1.7843528953154153,1.003264028968667
134,PiS,Janczyk,0.937092730702451,-0.26273238328255344,0.04185886315506926,0.11642827332609165,0.8704950852239275,1.0065590383784286,-0.45526293768436915,-0.07838543491616239,1.021830292221351
135,PiS,Janik,0.9182079790952031,-0.3320537821225668,0.040823057479133354,0.11208473562904879,0.8520111676766274,0.9845436541460436,-0.5162019740242323,-0.14723456971875226,1.0103661703287905
136,PO-KO,Janyska,-1.4735868938614125,-1.491410447089121,0.05239120287917493,0.16957612768705296,-1.5632993653535556,-1.392390626187239,-1.7677725217785756,-1.2152385582026177,1.0189088678508165
137,PO-KO,Jaros,-1.1778560125606539,0.9443572946991342,0.020448628765714575,0.049104268299146915,-1.2120073885646898,-1.1444373960712988,0.8621774918484807,1.0224509105964992,1.004659073707813
138,PSL-KP,Jarubas,-0.7803357110972624,0.9316016570809145,0.012797174824388765,0.039665365802482026,-0.8014150890725158,-0.7593203690455848,0.8661193417132272,0.9960748320973918,1.0134438822606062
139,PiS,Jasiński,1.311993294406926,0.4353961399496676,0.4462793962442152,0.4923354563420429,0.7064633731909365,2.1417179650469,-0.41228169556226496,1.2112418709021864,1.0129179853172359
140,UPR,Jaskóła,-0.34288800989356516,2.6568208666328705,0.010912922031614224,0.05774342644339685,-0.36076783365377496,-0.3246773890675571,2.5623367738765843,2.7527856529014256,1.0085716389266697
141,PiS,Jaworski,1.1618464602144287,-0.6376425940340016,0.1697656876314125,0.33442894959569003,0.9265989021517987,1.477024664644266,-1.237583792548251,-0.12588635735494372,1.0209335240923387
142,PiS,Jędrysek,0.8760805424982017,-0.29048739571789606,0.03983632798442848,0.11025659119452656,0.8136497991720186,0.9439750551123204,-0.4730778786971202,-0.11165634598844303,1.0172035066388554
143,UPR,Józwiak,-0.2555672884212009,2.594240790940878,0.011147460717799365,0.05923441036598582,-0.2736863821258081,-0.23714972213730023,2.4989259968508444,2.6947245372885935,1.0082094087334301
144,PiS,Jurgiel,0.6839219106763531,-0.08043865994592567,0.024449174599370925,0.07794186285793464,0.6446766270601944,0.7251015932387106,-0.20891009373564443,0.046138981098679456,1.0042395290999908
145,PiS,Kaczmarczyk,-0.3415464453501881,3.347133985476064,0.014321499232723165,0.08380072787517817,-0.3645595197562032,-0.31773699467333033,3.217779335186076,3.4905041764601714,1.0117005723395431
146,PiS,Kaczyński,0.8786122035082182,-0.30677264279067273,0.042060758383811826,0.11923860840725715,0.8115151714969442,0.9504356782428678,-0.5048785637962699,-0.1165357977913434,1.006238373087579
147,PiS,Kaleta,1.0451658912496251,-0.4918474013784843,0.062285608605285446,0.15389881973757016,0.9486020110076,1.1545820133721048,-0.7505652263816903,-0.24340198750025646,1.035158472116322
148,PO-KO,Kamińska,-1.258771726426937,-0.7225573225802827,0.03336489422556209,0.10703105313506685,-1.3152662878980892,-1.2049998381887164,-0.9046604100492954,-0.5504855906459495,1.016137454782509
149,PiS,Kamiński,0.7697983231552261,-0.12816166100802712,0.02853673211638828,0.08869021147926684,0.7238171835285014,0.8175832420660103,-0.27598894319884076,0.017979941249937598,1.0032734522823983
150,PSL-KP,Kamiński,-0.9655984513447161,0.7019083206749251,0.017750629183452337,0.04609229485490069,-0.9950775869847641,-0.9368474736216295,0.6251377725198555,0.7762626082257987,1.00935344214284
151,PO-KO,Karpiński,-1.1745481880542459,-0.5418070124066863,0.026441959097784736,0.08694735899124208,-1.2181184697789962,-1.1314131535397396,-0.6844725269148954,-0.3992711679499546,1.0082305638645317
152,PSL-KP,Kasprzak,-0.7900761715230864,0.9532554738229746,0.01323050695841094,0.039732345410164904,-0.8119755242492191,-0.7683155620304002,0.8875881481451172,1.018398769480423,1.0125619604477452
153,PiS,Kempa,0.7590086149526409,-0.17698413774799854,0.026910000598985084,0.08460576609286129,0.7153438816378822,0.8037073434170703,-0.3204847392436786,-0.040328937028381834,1.0077483388332111
154,PO-KO,Kidawa-Błońska,-1.379687942044879,-1.046861276020463,0.04245097158119606,0.14022549174697577,-1.4508762256139478,-1.3118093309718242,-1.2861565938732955,-0.8214175794288984,1.0123270223225085
155,PO-KO,Kierwiński,-1.1517479497051604,-0.36862841710954475,0.024788070959037945,0.07383848466537299,-1.1941635575229685,-1.111612054380462,-0.49333555363859216,-0.2505398760057704,1.0061829367574273
156,PiS,Kilian,0.9689129186447828,-0.18952637408958045,0.045529808831317166,0.11457301161472186,0.8944208701054444,1.0460642905016828,-0.38411579937824697,-0.005075662508638524,1.0078694291126786
157,niez.,Klawiter,0.4161357326412682,0.6979958445275766,0.011626427159982957,0.043973446818408694,0.39714948035557285,0.43546171848240933,0.6242621690600326,0.7671199493900934,1.0235176197360012
158,PiS,Kloc,0.7758750206755012,-0.10101904034800036,0.02935082487432444,0.08801259275667381,0.7289166103600884,0.8247803920786869,-0.24627717726013215,0.045544478742999786,1.005919940200256
159,PO-KO,Kluzik-Rostkowska,-1.3734688446817358,-1.1744616938938799,0.045228612020736525,0.1544155488448066,-1.4512105985404067,-1.3020942546213912,-1.4338142940304315,-0.9199235530633677,1.0245497797292993
160,PSL-KP,Kłopotek,-0.7161778748507847,0.9676354894395593,0.012338939271675878,0.03893420813629737,-0.7366532268056187,-0.6960836707387786,0.9037741507154244,1.0311838450345518,1.0126157828699507
161,PiS,Kłosowski,0.7720329645674588,-0.5054472914854691,0.2548811835503565,0.5004865825552723,0.419901886395985,1.2428747859354277,-1.379962025914844,0.2595693636696035,1.0020643749953833
162,Kukiz15,Kobylarz,-0.3794035795409513,3.4538738609631836,0.013353305268293453,0.08599978544172886,-0.4013499594414291,-0.3573828579468659,3.318749957987208,3.598307772393108,1.015343025934835
163,PO-KO,Kobyliński,-1.1200455285838302,1.4529327783126775,0.020250903852142108,0.05293229607853708,-1.1532887047410896,-1.0864545444888662,1.3658053845101494,1.5368434883588515,1.0074195539134756
164,PO-KO,Kochan,-1.217399623624396,-0.5671537264617896,0.028825051169986352,0.09276347116160079,-1.2648275936796571,-1.1704431509915636,-0.7273493217864283,-0.41924775204245723,1.012419740412509
165,PO-KO,Kołacz-Leszczyńska,-1.4353714094341963,-1.1829709773883588,0.0479193593308605,0.16071682694226747,-1.5164882881734236,-1.35861734073936,-1.4610663775194277,-0.9305352900286648,1.0277188777738833
166,PiS,Kołakowski,1.0110947842350089,-0.4135417998388417,0.05099091119609786,0.1279054209595744,0.9287278950708544,1.0977631224994167,-0.6270460749620443,-0.20451324519565492,1.0209351973981684
167,PiS,Kołakowski,1.0599355035497473,-0.41722377733615795,0.06713423403339197,0.14830461316687352,0.9582295078656596,1.1819298089088393,-0.6748062263933066,-0.18516173481266354,1.0645167619360199
168,PO-KO,Konwiński,-1.5605547009629783,-1.7540774121363774,0.06150643958027948,0.20734559678691503,-1.6605103546332716,-1.4634850042145429,-2.103515689583881,-1.4254914189673626,1.050698856235666
169,PO-KO,Kopacz,-1.4939655982640578,-1.380270051498721,0.05480529003963852,0.1769147614212926,-1.5840373476534384,-1.4014347149344963,-1.6715489543949842,-1.0934867503567716,1.0232422686109781
170,PiS,Kopcińska,0.993107963033709,-0.29531132336549765,0.05705166423795004,0.12766210510812565,0.9054026364251838,1.0920112889996219,-0.5073109077398501,-0.09171008779399258,1.0114198499401161
171,PO-KO,Korol,-1.3186449204117594,-0.9240350649510923,0.03628683872662314,0.12071184481425455,-1.377802470080692,-1.2600190455784357,-1.1252647250040582,-0.7257416661314331,1.0117745752135578
172,PO-KO,Korzeniowski,-1.0534502613595442,-0.22318740360780967,0.022880892271031055,0.07281571509364598,-1.0915385923446592,-1.016383887644258,-0.34380476355365985,-0.10517903665209595,1.004681101341717
173,PO-KO,Kosecki,-1.2811688300867254,-0.8430768660250187,0.032127278344378854,0.11087292694442524,-1.3341246118691565,-1.2294442268755743,-1.0348312491187317,-0.6686464555572503,1.0175078866031828
174,PSL-KP,Kosiniak-Kamysz,-0.7808995065470092,0.9189572774358212,0.012993407940382968,0.038797689867706014,-0.8023462086009926,-0.759635878250524,0.8549018600702252,0.9826919940184741,1.0118772843793455
175,PiS,Kossakowski,0.7447229166097858,-0.049259921476172995,0.024999344405940642,0.07712014856378396,0.7033467512685783,0.7855884381420906,-0.17616074057342362,0.07457441615676406,1.0067701956068917
176,PO-KO,Kostuś,-1.13854020745521,-0.2904505947751049,0.02402800451511545,0.06987288374330097,-1.1781714802262393,-1.099819467345475,-0.40701349991691105,-0.17681806856685423,1.0019418696008722
177,PiS,Kosztowniak,0.8429775753148655,-0.10301414483232608,0.03347840898756035,0.09298683587407768,0.7905033874800151,0.9015367808325272,-0.2619893539372051,0.04526842659773751,1.0067820957112514
178,PSL-KP,Kotowski,-0.78386191912436,0.9392803226721502,0.013358927158876705,0.04070579209310531,-0.8058520195572679,-0.7620282949440375,0.8719208362017131,1.0060988440163523,1.0101777393909561
179,PiS,Kowalczyk,0.83190953550244,-0.06522726158328847,0.03381360108867899,0.08812585633613447,0.7767682340876859,0.8877316999580008,-0.21256823245041148,0.07793962550726143,1.0057009072189866
180,PiS,Kownacki,0.6269424471869204,0.10168445241893292,0.01852331673658321,0.062256420031721896,0.5971582011589434,0.6580918815487157,-0.0005468586078853735,0.20418001193294036,1.005979404103454
181,PiS,Kozanecka,0.8152429582736042,-0.16521201381093134,0.0317886004633442,0.09210156309824763,0.7657145684869041,0.8711099899475085,-0.3194182160728418,-0.014326635980914668,1.006242004531838
182,UPR,Kozłowski,-0.39924581068809384,3.2946866739652,0.012939446515704051,0.07449345519029799,-0.4203983648151032,-0.3780059546225959,3.1745116135037494,3.420486359640315,1.0146033834571322
183,PiS,Kraczkowski,0.7937237178496305,0.021153613672260853,0.05381879885463273,0.13803548677850697,0.7085020446871465,0.887087096435219,-0.21361806106545214,0.2389244400961322,1.0033395609773108
184,PiS,Krajewski,0.9208616432006116,-0.3994621931319943,0.04282269648726616,0.10797614648698885,0.8526414437069728,0.9930169766331347,-0.5803053650018231,-0.22166331050337612,1.0199954816660908
185,PiS,Krajewski,0.8893561757118474,-0.07796281579014833,0.038918779413772614,0.10155695582766666,0.8267421898161784,0.9541488896079363,-0.24919961821580916,0.08266419646752811,1.012301647119343
186,PiS,Krasulski,0.997174518210219,-0.4710557427534195,0.054360416329894475,0.140527549898667,0.912482623563139,1.0912734950547704,-0.7057758981471008,-0.24433954212512204,1.0126857194491086
187,PO-KO,Kropiwnicki,-1.4417389209961318,-1.40757484050841,0.04949727266321344,0.1728004194525791,-1.5249585284455696,-1.3599313525093648,-1.696532806659491,-1.1159777125794048,1.0740096051465562
188,PiS,Król,0.8497918916142387,-0.1437378244896777,0.033841635966574385,0.0954367540718154,0.7958853400804236,0.9074753802808695,-0.30247865980740807,0.011447345696661233,1.0162080214108145
189,PO-KO,Król,-1.3857463483185921,-1.1207246301434823,0.04156128802139156,0.13644482777850964,-1.4541812204150746,-1.3176347967999786,-1.349834271858065,-0.8980210197916,1.02503057235718
190,PiS,Kruk,0.6975350739472227,0.12267840473870158,0.02322328841985583,0.07201258657522408,0.6605535547763184,0.7365131958708031,0.0040415825300036574,0.24030610736225166,1.0060109564724569
191,PiS,Krupka,0.7710147355247376,-0.10711530636258408,0.026267962419784786,0.0855123885030206,0.7280373232705014,0.8147907753285584,-0.24878453874247503,0.031909881159261556,1.0158317570275535
192,PiS,Kryj,0.9504634398978771,-0.25029141236631536,0.04534647598840603,0.12304677088454863,0.8795344660845196,1.0266487961493798,-0.46140461359522994,-0.06070055140556575,1.0089361975034723
193,PiS,Krynicka,0.904333427277113,-0.13689780960941852,0.03805057592819099,0.10224450165284456,0.8430123231688715,0.9686256053347619,-0.3101349882440046,0.02605321387952412,1.0073372761492192
194,PO-KO,Krząkała,-1.4287551424916007,-1.202521724180612,0.04760628171877485,0.15874330208428072,-1.5102657948404163,-1.3555561903767481,-1.47130525594249,-0.9494461150155736,1.0212902358268765
195,PO-KO,Krzywonos-Strycharska,-1.2094127849426821,-0.529910023396726,0.02995131832207133,0.09116176125172336,-1.2589287908168396,-1.1605378736230487,-0.6813242266594313,-0.38388081058565515,1.0090104312214894
196,PiS,Kubiak,0.9518423287714398,-0.23224712793058566,0.044798308618815376,0.11452032632162497,0.883470522853761,1.0308870006845847,-0.4280454424053954,-0.04735524719377569,1.0230957054237844
197,PiS,Kubów,1.0462475686461077,-0.45427327507700627,0.05903942904681525,0.14764159089412862,0.9546009755757058,1.1490088220175219,-0.7058589383055643,-0.2226845129376541,1.0350101265013223
198,PO-KO,Kucharski,-1.2218760994964706,-0.5568952681176579,0.028934928709519976,0.08858469123449961,-1.2704399057766367,-1.1753169005628856,-0.7030075230299928,-0.41225840220872767,1.0087981528557726
199,PiS,Kuchciński,0.7963524209102003,-0.0939568361361798,0.030685468557664734,0.0885805472249515,0.7476883859599465,0.8487981475286158,-0.24441820033798714,0.048006880987740266,1.0064745315064805
200,Kukiz15,Kukiz,-0.4715822196925645,3.5219114555217574,0.015930886087728788,0.09620066695182371,-0.4974962164352497,-0.4451669601538851,3.370190385372258,3.684554375956776,1.0096418980162012
201,Konfederacja,Kulesza,-0.3707650908272179,1.8887692864777612,0.01068756707509733,0.042490075961983474,-0.3882947371713317,-0.35322968433666496,1.8192005299127039,1.9567384879338878,1.008474344280369
202,,Kurek,0.0011391938226123942,0.003770092997751927,0.998080653971257,0.9932392324590759,-1.64086791473662,1.6399586480419006,-1.6289237486004775,1.6374607546173117,1.0000917747023235
203,PiS,Kurzępa,0.86038968513344,-0.06947763634806126,0.035987521777040885,0.09457030823051162,0.8018260624863469,0.9207091518839471,-0.22691836829148068,0.08606164366894643,1.0221240772646318
204,PiS,Kwiecień,0.8036144474634123,-0.15553687904094393,0.029693539406605143,0.09102723714535696,0.7559077352541698,0.8529740209278724,-0.3058884780908719,-0.005610119331739402,1.0143853716536095
205,PiS,Kwitek,0.979715491934837,-0.395424115871898,0.048983271141730726,0.12691552274645812,0.8987010334280745,1.0588806556194768,-0.6099181244560482,-0.19279418228834705,1.0246746205103856
206,PO-KO,Lamczyk,-1.1624957101850883,-0.4910910428545736,0.02526960348631017,0.08243966053870103,-1.204701860389329,-1.121701330358198,-0.6285545441542216,-0.35757060818130193,1.0105980471511729
207,PO-KO,Lassota,-1.2285052940816332,-0.8349374039359895,0.030154598420062406,0.10964904640001959,-1.2787855213439925,-1.1789685413918913,-1.0190387867053865,-0.6567819733538731,1.002572425620985
208,PiS,Latos,0.7620480982500636,-0.026594228132929554,0.025437935131210686,0.07864872804198038,0.7212862082942918,0.8049717041927649,-0.16021698374731602,0.09996448142820502,1.0059084762105859
209,PiS,Latosiński,0.9452042543280331,-0.2152105891808662,0.04702232879799997,0.11666229490338345,0.8724322650676387,1.0248031361483192,-0.41199913918312503,-0.02890042067094638,1.0158022360417966
210,PO-KO,Lenartowicz,-1.1593777436417758,-0.376039397355317,0.024545418268733667,0.07159529983437109,-1.2007459869148691,-1.1201800743066015,-0.4943858406917745,-0.2608672724044284,1.0023960888955634
211,PO-KO,Lenz,-0.9884553710488024,-0.13679679057139799,0.019280397831781638,0.05991206259050118,-1.020317057540321,-0.9571464600036336,-0.2354711758674703,-0.03922290105508405,1.0063853006485002
212,PO-KO,Leszczyna,-1.1597646618261748,-0.47304656252902794,0.024688256027815807,0.07958401304513887,-1.2014039243881212,-1.1200941923259142,-0.606687886944189,-0.3436302999327316,1.0076021527014847
213,PiS,Leśniak,0.8531648360891777,-0.18501617911985083,0.03349922994854779,0.09836929288969602,0.7988498690455447,0.9085700824097206,-0.3472265568700111,-0.025995613845976474,1.0135895121478946
214,PiS,Lichocka,0.9368087634324093,-0.4586756996294028,0.04708435281683387,0.12220408629966951,0.860578534034374,1.0161183836336665,-0.6613840155178028,-0.2590672989529455,1.0152494810395931
215,PO-KO,Lieder,-1.1701186404417778,1.4338178065336284,0.021097210884291794,0.05432620403709152,-1.2055201818573338,-1.1357313307001948,1.3446842221823005,1.518812663893621,1.0024672038730575
216,PiS,Lipiec,0.8212789958664536,-0.25713547301056194,0.032745623506847815,0.09175783893445835,0.7703690034331959,0.8775354896795017,-0.40816669247965714,-0.10639372184611706,1.0171324867111018
217,PiS,Lipiński,0.9644489125281378,-0.20996510849304237,0.05668757183590215,0.12845257189428402,0.8731624440923466,1.0642914602848863,-0.4320946039221382,-0.012551209400599951,1.0147119876289719
218,PP,Liroy-Marzec,-0.4302626597188852,2.025153441657855,0.010422447648394978,0.04000986613601996,-0.447291832364163,-0.41300550436703753,1.9596653456636142,2.0908322306028113,1.0039685511043182
219,PiS,Lisiecki,0.8146522653195382,-0.008860639382394583,0.03272584675663033,0.08679380812049836,0.7630922316833098,0.8709173253571556,-0.15541269542400332,0.13002077908401816,1.01410797255763
220,PSL-KP,Lubczyk,-1.1396540193535,1.4122908070055311,0.022042771405100723,0.0562947577073555,-1.1762564593433407,-1.1036813350087027,1.3179394568287863,1.5011263657935507,1.0054627036204524
221,PO-KO,Lubnauer,-1.1269079172461007,1.3706375429182978,0.019827438919296687,0.05450768961250601,-1.1597440114260718,-1.0943851133492337,1.2810360121040425,1.4571101775947877,1.004354184988319
222,PiS,Łapiński,0.8409093625876345,-0.00901423321846711,0.04722639100398121,0.11242657616140694,0.7669639900789509,0.920488130474289,-0.19910235828539227,0.1692449165881858,1.007600968183606
223,PiS,Ławniczak,0.8651772147181971,-0.10225353604989032,0.03561633074848153,0.09679954711819538,0.806531185719613,0.924571012699517,-0.261926754000966,0.052249417831681265,1.0146600638531214
224,PSL-KP,Łopata,-0.7564449983111552,0.9610957520063612,0.01209790309187329,0.03843307658870485,-0.7765223075026514,-0.7366821503606813,0.8979725826425698,1.0237229992063641,1.0163253600762494
225,PiS,Machałek,0.8743495096390976,-0.21895911121613307,0.03641910437825138,0.1002505020370515,0.815477386938973,0.9360059242652874,-0.3867048143788227,-0.05579978749507755,1.0080620471378612
226,niez.,Maciejewski,-0.41046717420599543,2.9415592783285063,0.01200644639736004,0.05948840193241827,-0.43017974592238356,-0.3906324976965989,2.8444863011986206,3.0399712698844565,1.0065937061284733
227,PiS,Maciejewski,0.9472048213127974,-0.22535732620002874,0.048095205022426056,0.12025774546175573,0.8733440210051144,1.0289980483832821,-0.4253969203263461,-0.029757519039808698,1.0119331696698117
228,PiS,Macierewicz,0.7798125099008993,0.007279094475346534,0.02987512003731526,0.08231647551622336,0.7317239450392163,0.8298380708330538,-0.12915580458792092,0.14105889088801757,1.0220969524760304
229,PiS,Malik,0.9317677311200542,-0.3591468099693785,0.046886723272513434,0.12665383741332384,0.858375064593717,1.011142188805113,-0.5756068106616599,-0.15881586467395006,1.0204276783083077
230,PSL-KP,Maliszewski,-0.7839647842243164,0.9913820827924487,0.013543667520866923,0.04139656339646707,-0.8064294707902532,-0.7617672156191012,0.9228007976221494,1.0590904269442298,1.0150036988935391
231,PO-KO,Małecka-Libera,-1.1665088870223463,-0.5216572729713713,0.02753868699781887,0.08959105461718639,-1.2128266294622458,-1.1221938977084873,-0.6746844598062438,-0.38009958991400267,1.0123286568880234
232,PiS,Małecki,0.8854971792474993,-0.10318431888197108,0.03738745604674824,0.10220781623257678,0.824158652736658,0.9470291489586771,-0.274878225224936,0.0621497638189183,1.0127697988614173
233,PiS,Małecki,0.9147338205986587,-0.08099465314875078,0.042062136001938116,0.10089812082049998,0.8494654824759024,0.9860333899257081,-0.25134208565543087,0.08122842692058843,1.0081072487724065
234,PO-KO,Marchewka,-1.337470298172671,-0.8883333796737827,0.036780150265749115,0.11263809920977842,-1.398441469507024,-1.2777562175539634,-1.075434557539516,-0.7070574898234657,1.019490697387067
235,PiS,Masłowska,0.7944347300266827,0.019460071281898618,0.030545895259704813,0.08053444525433386,0.7465363715194454,0.8465189624030571,-0.11468673283938603,0.14880857393409821,1.0066257022562626
236,Kukiz15,Masłowski,-0.3344862649762164,3.5886010666876187,0.013539385867416784,0.098349952255608,-0.35644604778604355,-0.31206947994352197,3.4435083593485087,3.7562514789454364,1.01156650954039
237,PiS,Materna,0.7041823144853395,-0.04124916022731758,0.022399919158716936,0.07169222633523958,0.6680842645559658,0.7416135066787576,-0.15983186606761843,0.0765610165423824,1.009758805812924
238,PiS,Mateusiak-Pielucha,0.883079459703678,-0.2179836767133308,0.038038561860872795,0.10884991058808698,0.8215659898018207,0.9469904913027062,-0.4002206435906315,-0.041741433515263396,1.0082292328008144
239,PiS,Matusiak,0.966853181011874,-0.32370035302406347,0.047916027671618774,0.12747322495299437,0.892416791776105,1.050129837584577,-0.5410781130751355,-0.12383445191354536,1.0188236315003965
240,PiS,Matusiewicz,0.9130834267237291,-0.17996273638485819,0.04139325389582419,0.1051853550830331,0.8451573829938689,0.9842696607799313,-0.3572491969752563,-0.00925245082735443,1.0180126956475792
241,PiS,Matuszewski,0.8705220928613365,-0.2035099439339977,0.03736665608065711,0.10237871886730476,0.8110924997460259,0.9330846005707562,-0.3749607209992494,-0.03876105506801712,1.0325580333218858
242,PiS,Matuszny,0.8820468285902727,-0.14297320025337845,0.03950981170752887,0.09865016260717262,0.8203240594829263,0.9499667625784907,-0.307737587490476,0.013510578469150844,1.0230093740854107
243,PiS,Mazurek,0.8749774917408751,-0.24579985829049625,0.03929764522139005,0.11291712747280575,0.8139444850630264,0.9429737998397245,-0.4337191189000087,-0.06528371581528701,1.010251139660127
244,PO-KO,Meysztowicz,-1.204208718815858,1.4325079955465925,0.02276504128620034,0.0548997202366847,-1.2423258708754186,-1.1675245536283407,1.3394606496208614,1.5184017260123215,1.0046011785418614
245,PO-KO,Mężydło,-1.193148211684413,-0.5771643527980226,0.026818673993559278,0.08538093562906907,-1.238661228318879,-1.1495690359464634,-0.7205529453373879,-0.43952460807791616,1.0132204592371192
246,PiS,Miazga,0.8733155539765739,-0.07684702568970525,0.037545153035567894,0.09475889706713551,0.8137458854959074,0.9373879356812852,-0.23312509068736453,0.07803933404253295,1.0300395491373697
247,PiS,Michałek,0.952972987408029,-0.21880362984104285,0.046777608234312866,0.11190190391025097,0.8795417076380627,1.0357395314949644,-0.4079215742874857,-0.03805861553493155,1.0164933042465039
248,PiS,Michałkiewicz,0.7574967303169745,0.04851438069096911,0.027072467336113144,0.08066420326610382,0.7141840408505877,0.8041055335918285,-0.08622915005465143,0.17967329306745092,1.014845509412368
249,PO-KO,Mieszkowski,-1.19682770208179,1.366192875250131,0.02169663705253246,0.054238929069344716,-1.2328332815919465,-1.1617300854302348,1.2776473048058743,1.4516073923612633,1.0046651291489506
250,PiS,Milczanowska,0.880431900907357,-0.17714879728996868,0.037505245949825614,0.10032667924762415,0.8227197581178896,0.9442719906370182,-0.34491954408044107,-0.018782449409129362,1.0122170915890012
251,PiS,Milewski,0.8957236973200529,-0.12915735117724686,0.040779770740650007,0.10305998853385122,0.8295957635578115,0.9649611814268311,-0.29826952225486486,0.04048707430897617,1.012884028852147
252,PO-KO,Miller,-1.3866814348310936,-1.1343391973162529,0.046582890356781245,0.1590526665306188,-1.464279029743588,-1.3121969434841385,-1.4124425052312732,-0.8872789014766678,1.0336994606912149
253,PO-KO,Misiło,-1.102870672118708,1.274987895477815,0.01972485272251033,0.05218052160458243,-1.1352288629966922,-1.0703485853060677,1.1875356915186606,1.3568247395341844,1.0045589530512398
254,PO-KO,Młyńczak,-1.3079062705343558,-0.6195400945406915,0.03463963578357897,0.09764432794649333,-1.3656495923224823,-1.2523827759498742,-0.7797944609361498,-0.4619450217209807,1.008955289134644
255,WiS,Morawiecki,0.4413256139019285,0.6671561463773654,0.015818739175069246,0.04879822448056792,0.4153797967705151,0.4674369430299132,0.5861999044301873,0.7473367730875049,1.0051102003438983
256,Kukiz15,Mordak,-0.3530777579781273,3.5441358210186866,0.015307937017780507,0.0980630251684313,-0.37780101837457386,-0.3277354923837403,3.3928620170884254,3.7070764074102334,1.0158043322710015
257,PiS,Mosiński,0.8821663951396708,-0.16292026438399948,0.03730913473331855,0.10167696578286002,0.8240516730471723,0.9450590799850428,-0.3309133529679564,0.0033225655787850637,1.0076229360452915
258,PiS,Moskal,0.9282789756376365,-0.38729324032160506,0.04255316719311588,0.11542742599354627,0.8612453107389,1.001343648878359,-0.5786885233945704,-0.19742709373969305,1.0092386557057826
259,PiS,Możdżanowska,-0.08469240075431256,0.048256654678585656,0.007473788539983025,0.029449292544996654,-0.0970208722079788,-0.07245097274944859,-0.000593654261919906,0.0963183100222389,1.0301685016376423
260,PO-KO,Mroczek,-1.2574681511310335,-0.8004135496547315,0.032998851818500013,0.10706093352327159,-1.3134133476918595,-1.2044979337869188,-0.980703023781104,-0.6291191972488743,1.0074885802808227
261,PiS,Mrówczyński,0.9246324625603974,-0.10489632616318592,0.04346485506545728,0.10146181677188755,0.8569360829035484,0.9981585370637064,-0.2786393833696125,0.054933082866211284,1.0142614315990814
262,PO-KO,Mrzygłocka,-1.4012437227723413,-1.2857068455562881,0.044644044426630655,0.15752834014040887,-1.4742467223034181,-1.3266962046719606,-1.5521390242735214,-1.0384296632167724,1.0240588883879331
263,PO-KO,Mucha,-1.4032546222245172,-1.1684020304178728,0.04440182615362095,0.15060246220846193,-1.4775489282545748,-1.3302333827811255,-1.417903270702768,-0.921344844178354,1.0323455223724283
264,PiS,Mularczyk,0.8906634419697103,-0.3445905495786761,0.04169778176448469,0.11694881262203582,0.8260756821246639,0.9628463093553012,-0.5416404963953619,-0.15658174590964247,1.0181942345943584
265,PO-KO,Munyama,-1.243576152657801,-0.6102637923421651,0.033070908819038375,0.10186230528512408,-1.2988297189519642,-1.189988160913796,-0.7818905427024869,-0.4454644003897967,1.0136559808320993
266,PiS,Murdzek,0.9562946181763203,-0.2385942057738995,0.04515080777617309,0.12473375135359017,0.8879539724299027,1.032260596654853,-0.4497747551508445,-0.04115400278344373,1.017781734257946
267,PO-KO,Myrcha,-1.2037445311723374,-0.576971830017026,0.029009601700780756,0.09337660765963517,-1.2511682445349146,-1.1565648691145782,-0.7380436963570736,-0.4277861761875049,1.0071659463021554
268,PiS,Naimski,0.857793288218841,-0.20884790021004165,0.03575055310697085,0.10272079521997489,0.8010535381375158,0.9192652760663109,-0.38090931543504064,-0.044461976791208196,1.0028516873626045
269,PO-KO,Nemś,-1.1668483796824614,-0.4230762561394598,0.026231766019794156,0.08141812051282339,-1.2113283554189476,-1.1247870432349079,-0.5570103131290828,-0.28940420403096134,1.004997577953603
270,PO-KO,Neumann,-1.412052257467847,-1.2789971598616687,0.04621705602327615,0.15348609266438473,-1.4907990989099291,-1.3369145048016202,-1.545241452458092,-1.0343253796962268,1.0142809354608167
271,PO-KO,Niedziela,-1.2870921714676138,-0.9568256269380104,0.035269455548168835,0.11996161066864204,-1.3461356268481135,-1.2317937723260093,-1.1634394052781534,-0.7685000674399975,1.0143751849164517
272,PO-KO,Niemczyk,-1.1033972773388068,-0.2621441272816071,0.02221156462733452,0.06863661989241064,-1.1406781915382755,-1.06707830645765,-0.37706042901916853,-0.1504361108298243,1.0036872812169915
273,PSL-KP,Niesiołowski,-0.9363659791901833,0.5971518776909773,0.015736828046865492,0.04293309384842418,-0.9623941198567963,-0.9107986032560449,0.5256713434429535,0.6656243865839965,1.0095893385803942
274,PO-KO,Nitras,-1.0399541613368841,-0.13193963391941596,0.02046184438088824,0.06121046262861686,-1.0743324261480425,-1.0072913581369858,-0.2344618004040235,-0.03201941313088649,1.0086409818374698
275,PO-KO,Nowak,-1.3085595009591395,-1.0540724796311327,0.03550211181981018,0.12023749851211092,-1.3681123107518645,-1.2522738969507943,-1.2606422484001563,-0.8636234107769503,1.0083884006997823
276,PO-KO,Nykiel,-1.281605659110873,-0.9796246715789575,0.03587606143167298,0.12471600334968681,-1.3422950075658207,-1.2237187969705987,-1.185922979580719,-0.7767021384115134,1.0092274968716342
277,PO-KO,Nykiel,-1.3351026890241016,-0.9823795309593599,0.03981304566869968,0.12890706731843,-1.4018198000822026,-1.2716321859202608,-1.1992195893725939,-0.7790288745594551,1.0198433508713487
278,PO-KO,Obrycki,-1.1580795259492158,-0.49011009987613535,0.026097944229603334,0.08439780785201921,-1.2014425083231313,-1.1161515932919426,-0.6328737994815709,-0.35344586558231095,1.0155127820068452
279,PO-KO,Okła-Drewnowicz,-1.2554733106899454,-0.8249432852387474,0.033397597872248386,0.11407619877391018,-1.3116760665154112,-1.2017704149632649,-1.0209788587680617,-0.6462302723450042,1.009409581768973
280,PO-KO,Olszewski,-1.302231644021416,-0.8466885856372764,0.03723507016779366,0.12606859266516682,-1.3671002942932602,-1.2440449354159329,-1.0699012110938437,-0.6518918295964364,1.0129745196455835
281,PiS,Olszówka,0.8809945265526123,-0.12772344727215507,0.03798600386130845,0.09806463550420072,0.8214068878350027,0.9457868227736672,-0.29089505656286724,0.0295056407175063,1.0218119093511724
282,PiS,Ołdakowski,1.0016579652107278,-0.32063460124222715,0.05592715934703926,0.13346887128231644,0.9179880237049297,1.097761694253848,-0.5477120140711339,-0.10781578026022116,1.0114973543111663
283,PiS,Opioła,1.0429491113265283,-0.5282624731404832,0.06364516717820833,0.15806218483007406,0.9419147164208298,1.1542071864910872,-0.796295974183932,-0.2754120550413099,1.0247955866984322
284,PO-KO,Osos,-1.2112240456626844,-0.5516748466307303,0.03195620691742672,0.09694026712019191,-1.2630495186805348,-1.1587052872317587,-0.7148694845260977,-0.39444530922450755,1.008872993933858
285,PiS,Ostrowski,0.9034274283123346,-0.2077336384590947,0.040931532757134695,0.10913868204566685,0.8385884218137934,0.9730559791045381,-0.3908486552458185,-0.02815087599025754,1.0087008756537559
286,PiS,Osuch,0.8741749918496691,-0.24679210361582468,0.03804760361036849,0.10584425683275948,0.8147873048844306,0.9400728495609298,-0.4193573146721356,-0.07701125174593017,1.0086856477597808
287,PiS,Paluch,0.9624630388795117,-0.1444845287776239,0.04932239496244196,0.11088405952782782,0.885603081179129,1.0486533927288098,-0.3350010192496229,0.02787796423271699,1.028215851637128
288,PO-KO,Pampuch,-1.183281466298347,1.3762410210275589,0.021236659049206293,0.052498731285491845,-1.2187275640916966,-1.1487883130702563,1.2887369404783195,1.4594466324217514,1.0071259857176493
289,PO-KO,Papke,-1.2736070765066498,-0.7537332576203503,0.033204174634590515,0.1067266527991854,-1.3304173348587973,-1.2206231232677807,-0.9358262493243246,-0.5865985193119819,1.0082049040771417
290,Kukiz15,Parda,-0.500556841639907,3.0316172452494508,0.01394767896812556,0.06758797562603464,-0.5236368749716388,-0.47778807279267566,2.9226423526314784,3.1451222882726695,1.0169796248446963
291,PSL-KP,Pasławska,-0.810732480742457,1.021375324594899,0.01525482360730465,0.04505261694049418,-0.8362512353287062,-0.7859096188647843,0.9472122468634602,1.0951453266847955,1.006989360899165
292,PSL-KP,Paszyk,-0.7793563630245224,0.9362350016688624,0.01316121154633883,0.040725439397658,-0.8009402486972445,-0.7578548978163636,0.8690245841535964,1.002533762729929,1.0099672012492422
293,PiS,Paul,0.9346403800434601,-0.09551691697761366,0.045269978020281515,0.10456801098104597,0.863969981774495,1.0119690625969098,-0.27220238581353734,0.0707958242477777,1.0108020404236442
294,PiS,Pawłowicz,0.8782074337271691,-0.044666800940675946,0.03747699884947555,0.09397947274097888,0.8185764691895319,0.9414316611044626,-0.2056529973790279,0.10446212354416945,1.006292719359214
295,PO-KO,Pawłowicz,-1.2627343544293603,-0.6791228904644139,0.03487220909630889,0.1074260847229201,-1.3200674036840607,-1.2065869271462866,-0.8605807560309227,-0.5070855224618065,1.0200457593496453
296,TERAZ!,Petru,-1.1097101385053332,1.3841938771737288,0.019627308315942244,0.054719627755404836,-1.1421772241250332,-1.0778641799198962,1.2931087832783328,1.4703312615724013,1.0020446497089603
297,PO-KO,Pępek,-1.2287227436747021,-0.7999264859918265,0.029418666229509994,0.09751478928542927,-1.277376727249009,-1.1811598747149064,-0.9637814051492608,-0.6409558429690825,1.01050532162496
298,PO-KO,Piechota,-1.3989858355361273,-1.0662092116328,0.04616173080227858,0.1467624568181916,-1.4764195209796915,-1.3253809062247681,-1.3144700367389035,-0.834198966767211,1.0230536024031656
299,PO-KO,Pietraszewska,-1.3493963028280571,-1.0222580158420242,0.04028551935052788,0.1312853816989112,-1.4174263643485518,-1.2856806089842063,-1.2399224916411116,-0.8103660232500118,1.016651257709787
300,niez.,Pięta,0.8154109046790728,-0.21717839529411184,0.03234739922570362,0.09835230410488156,0.7625175251511924,0.8686005910486289,-0.38436459768988923,-0.06056059282031541,1.0204458918360733
301,PiS,Piontkowski,0.845536453265149,-0.2653476615193984,0.035382493233598565,0.10003733215643966,0.7887565863621102,0.9053811563595926,-0.4306097126566281,-0.1008091908506069,1.0062403004548384
302,PiS,Piotrowicz,0.8426396859582166,-0.18329140826771664,0.03481163945360857,0.10263678153382962,0.7875367510214129,0.9017794121183321,-0.3559230935614253,-0.017450119676977467,1.0062187458075034
303,PO-KO,Piotrowska,-1.383770052990416,-1.1333879849009614,0.04603425682569775,0.15239586784144107,-1.4613302736932585,-1.3093184116278591,-1.3968335405026593,-0.8907564919882889,1.0085645650789212
304,PO-KO,Plocke,-1.322814951099498,-1.0001545570600772,0.03609244696765118,0.12281555263407254,-1.3848376369861006,-1.2646441792740892,-1.2040255243033318,-0.8021871514164657,1.0282514070761224
305,PiS,Polaczek,0.8524657105024469,-0.34655421464230535,0.03670186923429507,0.10016333064884829,0.7948082137277945,0.915194614449852,-0.5144521237688205,-0.18337669056272476,1.0099237235731047
306,PiS,Polak,0.8848046403858439,-0.18051126247990562,0.0389682199213563,0.10508933064205092,0.8239497528057572,0.9530705371885759,-0.3610501840113529,-0.01604184349926955,1.013756764644389
307,PiS,Polak,0.8956233370652239,-0.2876152946935729,0.040113045418992445,0.10755992342697147,0.8318437491802316,0.9625646603385941,-0.46759143473615467,-0.11327538968077241,1.0169666064646141
308,PO-KO,Pomaska,-1.1555425199195504,-0.5165926975271007,0.025761773528114602,0.08790823811871332,-1.1984340516412426,-1.1139407064924214,-0.6600281573058101,-0.3717394350552945,1.0059761508844969
309,niez.,Porwich,0.13787012747540106,1.3418053491690263,0.010496424609700336,0.03724948431867385,0.1216693361899413,0.15542164497797814,1.2813318058813767,1.4039457323193942,1.017306971581863
310,PiS,Porzucek,0.965793872719084,-0.3598975079285153,0.04757566166870866,0.1247263569476761,0.8915436427010499,1.0467995051009373,-0.5705257425285288,-0.16263694248403537,1.0189397387841488
311,PO-KO,Protas,-1.3291477021916052,-1.118339242345137,0.03662212419359937,0.12855300564283254,-1.3903811235485712,-1.270409376584779,-1.3336295611291373,-0.911318633441178,1.0129124131624192
312,PSL-KP,Protasiewicz,-1.054483165256471,0.7197630147324269,0.019387528243700693,0.04737504340039588,-1.085960792365765,-1.0225264211837695,0.6409509301697686,0.7955641849856031,1.007658074175462
313,PiS,Pszczółkowski,0.7094344071677352,0.009823505828631712,0.1801015892507449,0.43183420966813774,0.45285481566303626,1.0432523888297045,-0.7076975210025802,0.7081437237350605,1.0025051498883106
314,PiS,Puda,0.9489888796167747,-0.379777073986466,0.04760062762108746,0.12136530878527256,0.8739876477333959,1.0310792157782878,-0.5823436319386684,-0.18437542764478027,1.017685567076691
315,PO-KO,Pudłowski,-1.1484612374679681,1.4180551374536137,0.019787620579033997,0.05322141900254618,-1.1813027714599396,-1.1161310553846193,1.32976738758907,1.5025241592841216,1.0046124662295022
316,PiS,Pyzik,0.8986217233963478,-0.10179437900173449,0.04255240283512251,0.10338700973562139,0.8325017555327553,0.9716272415762605,-0.2765420492969171,0.060388139208410116,1.0201969020184505
317,PO-KO,Radziszewska,-1.2650709140208325,-0.8278418658867391,0.03417408981954147,0.11274007264082316,-1.3233519892282388,-1.2109680517768535,-1.0151535031552625,-0.6444884934173039,1.0271573744480351
318,PiS,Rafalska,0.9313464481600716,-0.39624434419087906,0.0445505750573601,0.1200987673058482,0.8618400455323736,1.0091518194409697,-0.5967405129705842,-0.20018486282614692,1.0186244849526078
319,PO-KO,Raniewicz,-1.1463290850795906,-0.4231638276542084,0.02462114048557537,0.0753495686420728,-1.1873016603821633,-1.106438882713467,-0.5502463277569031,-0.30159553221194224,1.0164924551313854
320,PO-KO,Raś,-1.0946078324292305,-0.30673794901328,0.022768809410373136,0.07160363493255345,-1.1326906886670178,-1.057734703241677,-0.42534582810313015,-0.1897203719663679,1.0091736993528837
321,Kukiz15,Romecki,-0.39504736314325395,3.5869541881830793,0.01343901278099362,0.08659658289582016,-0.4172315872635451,-0.3729948521814253,3.4531757025641276,3.7333016359444002,1.0111360952462694
322,PO-KO,Rosa,-1.1823588468534512,1.382122396830433,0.020545593573413144,0.05360143877681274,-1.216163387520364,-1.1488542422425554,1.2933049759510158,1.4667340361418653,1.0037513567816676
323,PO-KO,Rozpondek,-1.23774329739049,-0.7921017526223086,0.031467469133039626,0.11040424857808047,-1.2908712450306206,-1.1872263300467019,-0.9768591430613074,-0.6144549622371243,1.0169874499506417
324,niez.,Ruciński,-1.1545563674250445,1.440147935307617,0.02152131450782074,0.05608344166032779,-1.1899376993147368,-1.1195102069522436,1.3462020768504201,1.5279506309378477,1.0038939993004818
325,PiS,Rusecka,0.9536859010808988,-0.4679816742230698,0.04729103302778063,0.12555586131537871,0.8801929784088889,1.0386665630240441,-0.6851792520162514,-0.2665082819168921,1.0116285627891783
326,PO-KO,Ruszczyk,-1.3533114355939941,-0.9883625833342384,0.03914920224285089,0.12298961924114743,-1.4183122211412151,-1.2893246885807002,-1.1975073434892107,-0.7909811955218652,1.011800603748965
327,PO-KO,Rutkowska,-1.295203000965918,-0.8483571646966076,0.03464735219942776,0.1125403298029013,-1.3533845531183355,-1.238514920460984,-1.0371783987970677,-0.6667336375273789,1.0172855607437714
328,PO-KO,Rutnicki,-1.1714148486735148,-0.4865817822345115,0.025120844842636603,0.0806396148643656,-1.2130514780590824,-1.1303176795827803,-0.6232982017418955,-0.35594258616714836,1.0062132651111555
329,PO-KO,Rząsa,-1.1260238616046814,-0.3935857080874653,0.023207860693718968,0.07493292808147857,-1.1646602572278466,-1.0880515819500605,-0.5172895166999718,-0.27156416739312805,1.007568443574193
330,Kukiz15,Rzepecki,-0.03859024185267532,1.5211657661620306,0.008001822324656986,0.05667163205381935,-0.05172699626071131,-0.025399006183122044,1.4298581561780679,1.5903567070044589,1.042133662907992
331,PiS,Rzońca,0.8982073014294302,-0.41326847965064656,0.04209792319473794,0.10922670590661872,0.8299390798929446,0.9685116162376277,-0.5928070478094332,-0.2344682274565045,1.0100777713454294
332,PiS,Rzymkowski,-0.38966912762988676,3.14278545607428,0.012665900176425266,0.07275612903893937,-0.41031667087926144,-0.3686039972417585,3.0266201010590548,3.2645842425530596,1.0066852988682833
333,Kukiz15,Sachajko,-0.4245113854713649,3.1936560522830337,0.013273865969485526,0.07654693320475628,-0.4463734365344051,-0.40254573139990657,3.0710007896451486,3.320306106218381,1.006259556601892
334,PP,Sanocki,0.04069339230030914,1.1735895235622966,0.009458421390132648,0.0439903126390502,0.02526419284933403,0.056207361551119224,1.1009675469994045,1.238301803582836,1.0118694778450612
335,PiS,Sasin,0.9247612210123914,-0.2585341455934095,0.04384028969729721,0.11468690183754982,0.8549283712260668,0.9987203585007551,-0.4495420864150438,-0.07256508316896448,1.0213882937371714
336,PSL-KP,Sawicki,-0.7590400336974379,0.9061721172132875,0.013521828161616277,0.0396675894662984,-0.7813902498787615,-0.7369014396141417,0.8405816022984641,0.9709354359593166,1.0170021807195508
337,PO-KO,Schetyna,-1.4714476305601127,-1.554391704211091,0.05212198746590032,0.1709526659467286,-1.555316518552683,-1.3829051716200549,-1.835805680059113,-1.2767881501790297,1.0230165973903032
338,TERAZ!,Scheuring-Wielgus,-1.0872346529658967,1.3182214475120286,0.019172204231701143,0.0534324330269491,-1.1186210877342535,-1.0558302934733765,1.2296861008266236,1.4015038902551358,1.0043789966813574
339,TERAZ!,Mihułka,-1.1278698463013113,1.38078389826012,0.020432875461559454,0.05472859645772733,-1.1616227699198063,-1.0941512689515294,1.2909617484798828,1.4665364292479057,1.00230564305442
340,PiS,Schmidt-Rodziewicz,0.9194082046656574,-0.3805261808110709,0.04305267415394001,0.11130213835018868,0.8513886239074787,0.9931131658603125,-0.5635625394212174,-0.19784330383336957,1.0054339701425075
341,PiS,Schreiber,0.8848445698420494,-0.12514001344364467,0.04209680089463376,0.11000041083967295,0.8181682640322276,0.9576681093856281,-0.31174967305969875,0.050466377436414106,1.0146354715035564
342,PiS,Schreiber,0.8578662328974408,-0.16089273765035508,0.03487234484902966,0.10119322051731003,0.8012613307357794,0.9156185645650784,-0.3295686237327909,0.004828497499054368,1.0065226087581798
343,PiS,Sellin,0.8786373682542246,-0.3451312249965533,0.039016955846394454,0.10694375232571518,0.8168234560603101,0.944000312784143,-0.5278595035937537,-0.17238451762342802,1.0175400740514877
344,PiS,Siarka,0.7180638084326363,-0.0349180212896903,0.023821102854188328,0.07461854823910544,0.6796372399786749,0.75821260159079,-0.15902696488079351,0.08773871655758278,1.0036030092218355
345,PiS,Siarkowska,0.13779391291485205,1.021422500436986,0.00917149168346921,0.03258251478575866,0.12342057030222545,0.15330742901784356,0.9686451687461365,1.0753517430566617,1.0249700187504245
346,PO-KO,Sibińska,-1.326811470390488,-1.0941059036231273,0.04024915004809786,0.13584890818665527,-1.395222064349678,-1.2646288391241347,-1.3327574455298232,-0.8848441763570125,1.0194887881133265
347,PO-KO,Siemoniak,-1.3135570259361766,-1.11558427238845,0.036695763669909696,0.12575387024058343,-1.3772791688396149,-1.2553469660715364,-1.3216768997769281,-0.9118338847966962,1.027809764596811
348,PiS,Sitarski,-0.3167699127178462,3.0018167953674455,0.012003679883785473,0.07096421400529312,-0.3362684094209405,-0.29701933652474366,2.88932672208459,3.1207817589146116,1.0075591083188609
349,PO-KO,Skowrońska,-1.2137528681187209,-0.6759103344288749,0.02885142527677654,0.09911099982353484,-1.260773819485577,-1.1672306609420082,-0.83867465716653,-0.5132286295681292,1.0063792492241093
350,PiS,Skurkiewicz,0.934699442862947,-0.2855490750817737,0.046028985529423076,0.1206231947607963,0.8626966366286274,1.0143437821299253,-0.48403814765988845,-0.08889546753519596,1.0239588480313284
351,Konfederacja,Skutecki,-0.32943122158894705,2.861641604492627,0.013507143509800236,0.06921995023609188,-0.351513443211115,-0.30702274452413636,2.748427893635548,2.9752849906529355,1.0047937802142912
352,PiS,Smirnow,0.8679735958566005,-0.02931160825562211,0.03619280205341183,0.09164448057465516,0.810616632708496,0.9293320579518503,-0.18708047689731994,0.11782734666781312,1.0146007895568077
353,PiS,Smoliński,0.9194182611237002,-0.0815255906242504,0.04382253075449904,0.09963458010096823,0.8533806305753282,0.9946929968881079,-0.24617289575472123,0.07949789720539029,1.0169863233237415
354,PiS,Sobecka,0.7828445599271558,0.0052708283445522105,0.02907489267067617,0.0795764254291922,0.7379547847143794,0.8320877132345674,-0.12783774482212312,0.1362307824398058,1.004825568939744
355,PiS,Sobierajski,0.9480005856763728,-0.13127382061619322,0.049637160341129825,0.10729600038018691,0.8686553534833251,1.0297381627295907,-0.31342773461422707,0.038080181321041,1.0118533932246458
356,PiS,Soboń,0.8936985049361427,-0.13224742415362858,0.0383477296661322,0.1020946447063632,0.8321541329929677,0.9587736343540743,-0.3023814598393337,0.03179752019573241,1.0130280531952045
357,PO,Sonik,-1.0600925119520934,-0.3660415177266622,0.02442447117317432,0.07465860882277951,-1.1007241108857706,-1.0205248961309918,-0.49152340487691815,-0.24669921175576748,1.007747331964465
358,PSL-KP,Sosnowski,-0.7386471191311568,0.907820453717479,0.012072529162710044,0.03765216938355528,-0.7586808152172114,-0.71899136618413,0.8452494862921689,0.9688681965294608,1.0134454998687006
359,PiS,Sośnierz,0.7396691568953859,0.12331282687988526,0.0259786439537355,0.07077932984380203,0.6982028514004216,0.7822696919786639,0.005054442662292327,0.23793654258477429,1.0101311408000644
360,PO-KO,Sowa,-1.2181778028546764,0.7444992206305661,0.022912207084100796,0.04639398679717795,-1.256779477503995,-1.1816450990310163,0.6682257266542234,0.8187937723076146,1.0108400171896625
361,PiS,Sprawka,0.8210671225247781,-0.12159121132456398,0.03073296009220723,0.09155851408674033,0.7721125637610672,0.8725822241068293,-0.2748494899335349,0.026110265120247417,1.0080479218483873
362,PiS,Stachowiak-Różecka,0.8978995751935559,-0.2144907239119182,0.041692864111903774,0.11475508114047155,0.8344724303284791,0.9692310557610893,-0.4078120941011241,-0.027440288166130974,1.014056274909312
363,PiS,Starzycki,1.0477719285069313,-0.3351225031739083,0.06715535166929594,0.13464859299312978,0.946151302553401,1.1669066105017272,-0.5632892697803252,-0.11768105739492538,1.0285700456451963
364,PO-KO,Stasiński,-1.0892364923657152,0.6950928724794666,0.01977071370590145,0.04507096150713913,-1.1222972880800113,-1.0569604832678634,0.6199477414650775,0.7662561252328065,1.0113910581488492
365,PiS,Stawiarski,0.8331654729995464,-0.22227083838974473,0.036262606477273134,0.09879466813813546,0.7745535314024424,0.8930419963062959,-0.38797058967081605,-0.06264352650583678,1.0115468101201606
366,PO-KO,Stępień,-1.147906835885267,1.355674212669601,0.020162455774208745,0.0517087270091138,-1.1812050551498339,-1.1148505729680078,1.2701726195125915,1.4375407585028903,1.0077470435786677
367,PO-KO,Suchoń,-1.164763150231971,1.3786312871944146,0.020708730097240207,0.052928931589592165,-1.1991319271410785,-1.1305774130490163,1.2922316993484553,1.4618252549435307,1.004311650381558
368,PiS,Suski,0.9694717488719771,-0.35316540876765506,0.049579245489620255,0.1319996313541325,0.8908224136247429,1.0534287864450647,-0.5754566027529069,-0.14460826800985088,1.026666555630895
369,PO-KO,Suski,-1.3956613832723381,-1.1541881564344822,0.04308292186183421,0.1396174269667722,-1.4678092514073744,-1.3273773763702552,-1.3864251837658974,-0.9281263290881155,1.0200371125056027
370,PiS,Szałabawka,0.9435116594879087,-0.23052831437913354,0.04598490016465863,0.11468700867504507,0.8702620451642145,1.0201044106777761,-0.4257757507141239,-0.042071211008802345,1.0285504960406155
371,PiS,Szarama,0.7779683119394943,-0.1430313054450282,0.028509367983708893,0.08765002811409962,0.7318480852800178,0.8260412135079697,-0.2877833946680044,0.0029038837265284593,1.0035825088653403
372,PO-KO,Szczerba,-1.150892245877608,-0.4787403594806703,0.023347660408162687,0.07794881687522814,-1.1897233299856897,-1.1125935768020736,-0.6075503837074813,-0.35033338930453617,1.0029452337275753
373,PiS,Szczurek-Żelazko,0.8980244981384014,-0.29734750884788247,0.041365464374822296,0.11472457132198381,0.8321068685935189,0.9666572143507883,-0.4837888018664971,-0.1080444252961752,1.0082828017650787
374,PiS,Szczypińska,0.841505187939976,-0.15799344356350525,0.0384078281188034,0.10568086147808696,0.7798208067007463,0.9074539879394237,-0.3352591255365268,0.014078886132236417,1.0065399553360377
375,PiS,Szefernaker,0.9405143963502911,-0.3305185813694549,0.04528436862282743,0.12171451401384586,0.8694395677006407,1.0176790270894105,-0.5330567405255091,-0.13527407291733104,1.0042787058103189
376,PiS,Szewczak,0.9623983140242274,-0.2345764341830718,0.050032220286562325,0.12429893800921106,0.8851096474752422,1.0494623151742282,-0.44372356474941443,-0.034543060870586645,1.0165529204945352
377,PiS,Szlachetka,0.8564698343626884,-0.10197617749473073,0.03717745566252933,0.09652409234544697,0.798000866635372,0.9214089996250203,-0.2635714639824246,0.05574520001063173,1.0130065417755556
378,PiS,Szlachta,0.9447956894095952,-0.22396742033163078,0.042500868905466366,0.12064626185859684,0.8770048841013479,1.0182549753212857,-0.4245747969997381,-0.029217896572028883,1.0210047886774807
379,PO-KO,Szłapka,-1.1511247715212622,1.3614165460893008,0.020524436430450276,0.05301443777670948,-1.185514105400985,-1.1178798921154975,1.2739780569518002,1.4438290896473993,1.0062105678141051
380,Kukiz15,Szramka,-0.33778721525326905,3.677365699200755,0.013620788726994525,0.10547619422288808,-0.3597219705953879,-0.3152237726547835,3.5223649269999404,3.8441363874445282,1.0148026029292094
381,PiS,Szulowski,1.002123389500209,-0.12603575749257703,0.05238249473333575,0.1064457874210676,0.9170093135072446,1.0924194992313943,-0.31149717585230513,0.03751757565987158,1.0181451865705935
382,PO-KO,Szumilas,-1.2533518806359116,-0.6448030499243409,0.030979773222320175,0.09565092326073,-1.3055956724055773,-1.2039518507614961,-0.80493876281982,-0.49208975117696874,1.0091227684108646
383,PiS,Szwed,1.0172643430914723,-0.4900308784683526,0.05342803380662465,0.13577239607216687,0.9332183921330647,1.1101621861004611,-0.7134251745645198,-0.2635218109747379,1.018018451735967
384,PiS,Szydełko,0.9738409875575499,-0.24281284888168816,0.05253862246522686,0.11600050834630876,0.8876572877191938,1.0610978856383206,-0.43536442678309195,-0.05648936242207966,1.0629752892564912
385,PiS,Szydło,0.8122479298465227,-0.16833674092630668,0.03479860988846382,0.1027431351558507,0.7552157339180077,0.8702052992944629,-0.34122631979264284,-0.0012370431762856366,1.0051671911512199
386,PO-KO,Szydłowska,-1.175119912863893,-0.5590571808332027,0.02738482483452343,0.08995978576596363,-1.2209134148289753,-1.1310259636610775,-0.7123474233992881,-0.41448790844357997,1.0082439042818803
387,PiS,Szymańska,0.9744144189970165,-0.2601607381648055,0.04932664966226993,0.11800533843349408,0.8971037156815566,1.058437123681822,-0.45919964675700065,-0.07094263194672898,1.0097115737262607
388,PO-KO,Szymański,-1.261560778768263,-0.7763535694118102,0.03331063186341233,0.10807256838801108,-1.3172538672277654,-1.2085050193244056,-0.960291992910747,-0.6075695300340336,1.0132498290209946
389,PiS,Szynkowski,0.8486261064604136,-0.20877158965566756,0.0363896488975858,0.10326159881180083,0.790357152917664,0.910036929592535,-0.379455607892963,-0.038936254288030984,1.031260916899114
390,PiS,Szyszko,0.8425765649459017,-0.15625437589508526,0.03677863420293173,0.09822213218344628,0.7834423435951985,0.9057768683568208,-0.3206029597821584,0.004591767436199587,1.0200711221264485
391,Kukiz15,Ścigaj,-0.42330166717765066,3.0700794530789524,0.013240039867009895,0.06907750174120186,-0.44500124839785593,-0.401485462071169,2.958582904868914,3.185093649238296,1.0072074654775907
392,PO-KO,Śledzińska-Katarasińska,-1.4274207859247818,-1.5085615195042998,0.051112666325617825,0.17619450226494068,-1.512116970469163,-1.3439311975561221,-1.800094080042137,-1.2164108929892048,1.0551472275451232
393,PiS,Śniadek,0.8552497047451315,-0.23429140660186246,0.03621240454579795,0.10124615186072691,0.7979567008460127,0.9169014483185607,-0.40482731819269063,-0.06953870718303483,1.0176908804839833
394,PiS,Świat,0.9189323619667146,-0.4302119675220847,0.043237334478690236,0.11941573297053207,0.8521475178027131,0.9914413585278972,-0.6303731056802577,-0.2384585922436134,1.029795903885791
395,PO-KO,Święcicki,-1.14386161832921,-0.42471400324311115,0.023955953568535155,0.07887099973105512,-1.1832992228802357,-1.1053146935438132,-0.5571118817050609,-0.2984113886580967,1.008963881113529
396,PiS,Tarczyński,0.9177190924218448,-0.15466026092916801,0.04283457858200099,0.10423010139931205,0.8509665998836644,0.9906249041660271,-0.33157732988677174,0.011994724369624095,1.0086426471883907
397,PiS,Tchórzewski,0.7241604666442262,-0.13864904199919625,0.02390553078536317,0.07969264500660356,0.6855034079096745,0.7641453668281775,-0.27073027104489505,-0.008262088874343937,1.0101621365825262
398,PiS,Telus,0.8431432276757427,-0.29459190171842087,0.03586372569133203,0.1013193423805915,0.786628319318604,0.905582589787065,-0.4619531841382663,-0.12964469462665767,1.0100972416594265
399,PiS,Terlecki,0.9102652476093593,-0.3386487746704838,0.04278632795039604,0.11550240927451957,0.8433252886502142,0.9801719208242635,-0.5286703106568845,-0.15219303053922462,1.0078100271352084
400,PiS,Tobiszowski,0.8860066946167617,-0.39703108593063124,0.039911003078961435,0.10612134015100505,0.8224673116525332,0.9549407067512381,-0.572566906406321,-0.22284015907808707,1.0154031534952614
401,PSL-KP,Tokarska,-0.7855584512772833,0.9639927104202263,0.01258980880131452,0.037794900939583057,-0.80639912751309,-0.7648389480249341,0.9018911310823761,1.025631406148071,1.012239294468283
402,PiS,Tomaszewska,0.7896579342362942,0.013761725878914853,0.028707196107348742,0.08410785565803774,0.7426929759577316,0.8376027752117656,-0.1283147283890753,0.1500223933037236,1.0156689081147703
403,PSL-KP,Tomczak,-1.0519773337402962,-0.3752976236620846,0.021499577771207045,0.07130229085977371,-1.0882592268183033,-1.0173350526226899,-0.49469248003846705,-0.2602560024406803,1.0036750370457985
404,PO-KO,Tomczyk,-1.2007261484473548,-0.5805283662119952,0.028047122065697528,0.08884423269394252,-1.2476908302337417,-1.1543753380234765,-0.7290720471002209,-0.43614245562068965,1.0076351378768222
405,PO,Tomczykiewicz,-1.4129451026309083,-0.4807617628425046,0.5754344716482972,0.9768308440563339,-2.3551865550936237,-0.4630351470282508,-2.1005880792181277,1.1201477472746395,1.0032199697508595
406,PO-KO,Truskolaski,-1.228388627129133,1.354077068004594,0.023355873932759393,0.05437682983500297,-1.2663262530710002,-1.1896008409227707,1.2647438977803385,1.441390161117061,1.003945599895368
407,PO,Trzaskowski,-1.2158991811880342,-0.7138804374694939,0.03491582925466926,0.10982807572548678,-1.2736101218109108,-1.1594502729526452,-0.8965930175670448,-0.5350764434573971,1.0113851681490567
408,PiS,Tułajew,1.0785651762719783,-0.4975073008771351,0.06392433383549649,0.15410274278349753,0.9765030456004634,1.1854391999924998,-0.7433378224680418,-0.24169149099500414,1.0250239391012108
409,Kukiz15,Tyszka,-0.46865964262319265,3.330959941665178,0.0162416362053015,0.0871730680654771,-0.4958132534035367,-0.44230996784384563,3.192503920962926,3.477764685925381,1.0091562788535369
410,PO-KO,Tyszkiewicz,-1.2622458227759823,-0.729124364907131,0.03260996657793413,0.10441418613503495,-1.318812453942949,-1.2091132493382202,-0.9080316954098399,-0.5615760441624531,1.0077648705005122
411,PO-KO,Urbaniak,-1.2456812356709726,-0.694764785998663,0.0305114232127597,0.10064113903451365,-1.2977783737993966,-1.196731407158457,-0.8649706782861802,-0.5368436931988263,1.010812430317217
412,PiS,Uruski,0.9309895205515466,-0.1727705155022364,0.04410315262677229,0.11060111546239278,0.862227691078163,1.00771917780343,-0.36365409188001147,-0.0015168509354174203,1.0122088071085846
413,PiS,Uściński,0.8792036556960152,-0.25535269613073114,0.038005361483818265,0.10800538670429406,0.819146819249983,0.943596413094888,-0.43796127898114473,-0.08587609617622312,1.0147806289334544
414,PiS,Wargocka,0.8268891597101412,-0.11938456919499565,0.03367379691956593,0.09578021883299916,0.7742474050043923,0.8845902969555922,-0.2778102379256766,0.03931994409290532,1.0054509189705598
415,PiS,Warwas,1.0678760096660915,-0.3790543688230755,0.059472979251702154,0.14334772490163739,0.9759329858428125,1.1714213205048296,-0.6184925790453577,-0.14846842175831793,1.0187800886587441
416,PiS,Warzecha,0.9081953487694041,-0.22176055650803422,0.041226189232581804,0.10921118311814347,0.8440665464758155,0.9794446942729127,-0.4005450958134515,-0.04527320773135087,1.0160905793212482
417,PO-KO,Wasilewska,-1.243714369783039,-0.652679202546306,0.030692052047416013,0.09738963194784551,-1.2929366585494084,-1.1932188692972197,-0.8153121631531833,-0.49330934269389287,1.005342257175636
418,PiS,Wassermann,0.9284916500628995,-0.3014189030470396,0.04430625104174622,0.11336630702341845,0.8573777800168676,1.00211213955955,-0.4858405492790329,-0.11668278888309017,1.038350198631935
419,PiS,Waszczykowski,0.8805664210670091,-0.10891575596544446,0.04201573098777702,0.10956126848782442,0.8155269458905208,0.953834292449857,-0.30053217041246244,0.06431993367278081,1.0110975403990192
420,PiS,Wąsik,0.8201113456789378,-0.1502070752931319,0.031348515882546786,0.09507700039976276,0.7707388102361099,0.87243274316592,-0.30786376065875526,0.004758552354942578,1.0123936084126794
421,PiS,Weber,0.9879122166202644,-0.376419548158035,0.05124842325597428,0.13078309832895837,0.9065782149645145,1.0750438536650764,-0.5954182881792038,-0.16082539992619052,1.0467452037293883
422,PO-KO,Wielichowska,-1.2289636830633424,-0.5139519987590919,0.028195428017970633,0.08456721349817321,-1.2764035520591184,-1.1837039611233087,-0.6574547357172063,-0.37873700223830964,1.0066006867645334
423,PO-KO,Wilczyński,-1.1388763782229625,-0.3939249251161109,0.024245226688477076,0.074511975912406,-1.1792819023255101,-1.09974124859819,-0.5164977666371309,-0.2719852514834885,1.012446398825853
424,Konfederacja,Wilk,-0.5436089189523539,2.14515709918885,0.015387002894169218,0.05941628707130859,-0.5688892911664728,-0.5182130677107938,2.04682693090583,2.2411517227571127,1.0067161667940223
425,PiS,Wilk,0.9676701253888382,-0.15472357344580367,0.05188217519661146,0.12187361489475612,0.8891197466946614,1.0567805136490531,-0.37022914912706384,0.03594204166950115,1.024974893222331
426,PO,Wilk,-1.398969188641862,-1.2972462559052662,0.05403791080559447,0.18073521543541524,-1.4873143442929444,-1.3132380897804465,-1.5946086373370496,-1.0119487170820625,1.0365462560125767
427,Konfederacja,Winnicki,-0.20028589292088847,1.471311881057991,0.009575866268959576,0.03716410831220462,-0.21597512291029186,-0.18459284108059884,1.4096527704193744,1.5302194155939763,1.0106697885400713
428,PO-KO,Witczak,-1.1166211296638278,-0.5469250841642994,0.022855492441701777,0.08137810930186007,-1.154767050075657,-1.0791021936677951,-0.6823714516881624,-0.41536684657718476,1.0074604810751757
429,PiS,Witek,0.9720077898809135,-0.49177713623277514,0.05265219971980526,0.13380782177205716,0.8875226593848209,1.0656529158276695,-0.7127361060825123,-0.27700545352680206,1.0433987264114675
430,PiS,Wojciechowski,0.972550333169511,-0.28127937754806337,0.05405451655509115,0.12569744478423345,0.8910635450813644,1.0688810076862187,-0.5008950924621139,-0.08580954751683426,1.0234999255314283
431,PiS,Wojtkiewicz,0.6297333740912099,0.21714767263178492,0.0186034682493273,0.05844120045199831,0.5994833593585747,0.6609843858359936,0.12013932249596276,0.3123038236539007,1.0083018725274489
432,PiS,Woźniak,0.9479782992668035,-0.3587196894283615,0.04843787392291945,0.12247468226729256,0.8722773644438621,1.0314570449124518,-0.5656460254466805,-0.16705821289020867,1.0283587632300748
433,PiS,Woźniak,0.9369955695995619,-0.2537549617208399,0.044273707049547764,0.11724414903507048,0.8700501953238605,1.0138954957294184,-0.44879163441276565,-0.06359259029752383,1.0150917664570933
434,PO-KO,Wójcik,-1.2407151734953703,-0.6760648892994578,0.029780747939373686,0.09719045533984783,-1.2905356530245042,-1.1929143780753824,-0.8396643220359389,-0.5206615125669851,1.0051583153175552
435,PiS,Wójcik,0.8536264861981127,-0.08773764292857955,0.03551977798861153,0.0923665908591149,0.7978197085359843,0.9144116984992783,-0.2428343869079208,0.05925106962003139,1.0162500915419765
436,Kukiz15,Wójcikowski,0.10178588203999896,1.9440171847534933,0.01772603351022612,0.08970364312125803,0.07314308320087706,0.13122056458965817,1.7988846760149515,2.093562620012629,1.0056090727796476
437,PO-KO,Wróblewska,-1.145794409715063,1.2696263909238024,0.02209753869436309,0.05677958225411703,-1.1825823296652926,-1.110157546601027,1.1772249760469469,1.3598913638841428,1.0029230854626618
438,PiS,Wróblewska,1.0091438196269706,-0.3616322217044224,0.058155597962795194,0.1417520173304251,0.9159759973000059,1.1089558062727163,-0.6064418436100367,-0.13859797084723097,1.0114100510829855
439,PiS,Wróblewski,0.7690871061056562,-0.135084560584291,0.026778026123219428,0.08810115434851729,0.7266394652341241,0.8144404007857524,-0.2827567503811982,0.008341852322352763,1.0138034950918922
440,PiS,Wypych,0.9273617224208303,-0.22682714640290647,0.04339192714694961,0.10939246299793413,0.8613356272290112,1.002664923742128,-0.412481530397479,-0.049714180250778416,1.0197979394772647
441,PiS,Zagórski,0.764708725967404,0.06216427247538768,0.02729666407437099,0.08126847165472215,0.7205712365516367,0.8104191905304416,-0.07584974031933477,0.19225026375951387,1.009215270565569
442,PiS,Zalewska,0.8750903726301431,-0.1680072354319968,0.040145991561045064,0.10153032449602245,0.8117642143556624,0.9434412970899022,-0.3351186317684233,-0.0016031512234467025,1.0138680408203635
443,PiS,Zaremba,0.9053101138987795,-0.2438070541805765,0.04367738067256418,0.11319425265406885,0.8382277852398258,0.9806580910194705,-0.4346969570884438,-0.059023428439044054,1.0071989300800654
444,PiS,Zasada,0.8049574231728305,0.0868332979397908,0.03127805462265966,0.07593821795639061,0.7555906135166389,0.8585847165894871,-0.04166020290361059,0.20827101595444805,1.006323844704849
445,PiS,Zawiślak,0.8322891437593838,-0.22550502072454143,0.03403578320539533,0.09456428053140242,0.7788638929384772,0.8922038121619487,-0.3825940085268485,-0.07188269238553703,1.0104058553329958
446,PiS,Zbonikowski,0.768849740190392,-0.12131244182084287,0.027953256008932875,0.08713864746557326,0.7245511210173566,0.8155228303776331,-0.2680108887264704,0.02143147513690384,1.0108239098913192
447,PO-KO,Zembaczyński,-1.1391006244383772,1.4123579493338287,0.02062482035501934,0.054009483560797655,-1.1736106451657702,-1.1055679098264002,1.322490808373072,1.497425072187329,1.0029760765690663
448,PO-KO,Zembala,-1.0659063239422986,-0.25421999433191256,0.03174999428360652,0.08266797015305485,-1.119164321469989,-1.0139964665191412,-0.39438952748627204,-0.121710421990636,1.003682077661818
449,PSL-KP,Zgorzelski,-0.7687579631437907,0.9678757608863469,0.012994312241603093,0.04012312387752338,-0.7901737401511252,-0.747531417164092,0.9019926566785949,1.0331179291181736,1.0145597616005682
450,PiS,Zieliński,0.8306647104691574,-0.2226660667088785,0.032395097889999745,0.09784989775764766,0.7780679426078845,0.8841013022049196,-0.3860983625103216,-0.06359116624801478,1.007512481671333
451,PO-KO,Ziemniak,-1.3255533254782859,-1.0803363725385302,0.03894049908687874,0.13422989944376046,-1.3912517208243778,-1.2624748234810068,-1.3082565470813048,-0.870330687421707,1.021444622649044
452,PiS,Ziobro,0.6554018594456364,0.05335508880711581,0.021603589633708703,0.06976719981638774,0.6207385057095911,0.6921375698166732,-0.06189310846648812,0.16777585688943925,1.0050495981739331
453,PO-KO,Ziółkowski,-1.3436007078472592,-0.8928926752883987,0.03932228677581774,0.1259548213825332,-1.4099853471870918,-1.2794744188934755,-1.1050226711530795,-0.69032783489705,1.0229664089657478
454,PiS,Zuba,0.8471085879494858,-0.23312943591695853,0.03498779131280396,0.09732877415319238,0.7915991576190463,0.9074890050981399,-0.397004761204939,-0.07641850584520381,1.0079633751411494
455,PiS,Zubowski,0.8852343274176228,-0.23961656877961227,0.037052768074321625,0.10524342308517644,0.8269505164715767,0.9492234819892151,-0.41773011901838875,-0.06946331714623954,1.0096134709285922
456,PiS,Zwiercan,0.4217383704172648,0.7548179544400985,0.012317898659150665,0.0395572835768353,0.40195951126743673,0.4422992389495951,0.6894770892022013,0.8192399973014219,1.0063568326022785
457,PiS,Zyska,0.3166166199649949,0.7995078811606484,0.010188576959597406,0.03648177705922124,0.3000558628436391,0.3335859839204234,0.7394723009857801,0.8596037237398015,1.0037754999033646
458,PiS,Żalek,0.7763573146543955,0.06538390402092216,0.02878630679071665,0.08007701941437922,0.7309283443987876,0.825230638668222,-0.06793045420681791,0.19365939326427697,1.0026389867511036
459,PO-KO,Żmijan,-1.0759596547679071,-0.41396648801105423,0.02103515520853983,0.07271749342887114,-1.1107608332330312,-1.0418580810542113,-0.5342765537633268,-0.29591519823007706,1.007156445104185
460,PiS,Żyżyński,1.068280909129689,-0.28101232493204414,0.14970978821799052,0.269869854436184,0.8588838822493299,1.3480875107523373,-0.7691438784407387,0.11277192608302775,1.0161419450794311
461,PiS,Cicholska,0.9967698801116949,-0.35370253817451636,0.056441264179925246,0.13196438045343475,0.9105793892272801,1.0945796391132023,-0.5826085696238039,-0.14521446988671957,1.048761991820313
462,PiS,Czochara,0.8795709626785542,-0.17463382560753327,0.038959004820067665,0.10491396005094238,0.8164770844649646,0.9442303506431841,-0.34959343405838683,-0.003330314618853685,1.016206209123454
463,PiS,Kaczorowska,0.8103618638611264,-0.03912074512138803,0.03107773751612681,0.08689756209098819,0.7609426533800193,0.8633697076461552,-0.18464835996625775,0.10022954488304112,1.007976911377586
464,PO-KO,Kołodziej,-1.2890779480624877,-0.6967070336398024,0.033107338138471054,0.10094670356488203,-1.344061794698561,-1.235271734548646,-0.8694153073733866,-0.5339950206945988,1.0122402682969152
465,PiS,Strzałkowski,0.8014246291588489,0.011759053572215936,0.03066074869714553,0.08383301632748598,0.7513978321184888,0.8529911159480876,-0.1280309739558522,0.147071757108684,1.0125895345033993
466,PiS,Olejniczak,0.8068491412351858,-0.21620141624568887,0.030666803414196236,0.09316197971075237,0.7584735688178527,0.8592842270540235,-0.3716880589846429,-0.06302826138624693,1.0029517359424425
467,PiS,Stawiarski,0.895714787646277,-0.20750113180912694,0.05002838599305891,0.11694290902363032,0.8169105542006992,0.979870489110246,-0.40625566721703116,-0.021629618265306596,1.023217799984381
468,PiS,Melak,0.9242289886708138,-0.22041754224493848,0.048109154265750846,0.12587415281345646,0.8477715711269519,1.0058748586264925,-0.4294869996827451,-0.017889300037793508,1.0119744388166487
469,PiS,Raczak,0.8452765666235389,-0.007985541795945732,0.046954612938588505,0.10970420944277359,0.7730974858767741,0.9282248290496419,-0.1913311009742889,0.16809537431671312,1.0051788553947747
470,PiS,Piechowiak,0.7997730243501145,-0.03848170012180876,0.03598453669381272,0.10500662388742812,0.7428671800365715,0.8613972000061261,-0.2161761309986438,0.12947695149486463,1.0081606547982176
471,PiS,Janowska,0.27193739127290767,0.5254246568570047,0.012462541964754405,0.05017613540699062,0.25182835887885796,0.29289119994119556,0.4432492736766068,0.6090200724836586,1.0245344813472743
472,PiS,Kubiak,0.9497788040206613,-0.10122590340523442,0.06266721484570796,0.15671796424233014,0.8490740093402714,1.0576331781745087,-0.369534139152014,0.14496927134859736,1.0218723137140273
473,PiS,Zieliński,1.018444906418154,-0.28636365175530465,0.12344326956842495,0.34990259007027036,0.8414266868647933,1.2497638978208951,-0.9479443516844859,0.21867000898760722,1.0451682055176799
474,PiS,Trepka,0.9998978819603606,-0.09392751277458875,0.11903489133393462,0.376812328946899,0.8208217630392601,1.216805133222411,-0.771978432954713,0.4909488523694683,1.0416653569827714
475,PiS,Bortniczuk,0.7123044118713224,0.08091226204507775,0.07313187191290603,0.3432051215623235,0.5993751623774387,0.8367786836505378,-0.4991320821743505,0.6269759141765932,1.0200298761885052
476,PiS,Hajos,0.9919864025826144,-0.03746374501212028,0.12918300825710746,0.41963626431854123,0.7983073953772252,1.2194357402272857,-0.7561059611491616,0.6135053048485934,1.0546674374169966
477,PiS,Lorek,0.990729214435119,-0.13621627821109974,0.1424043864305785,0.4699735097143325,0.7893592150567149,1.2622096484960637,-0.9476853986056181,0.6094241895625051,1.0362104328721977
478,niez.,Majka,-0.34975520268170895,1.2197268768349494,0.02192570682656107,0.10804001858628562,-0.3859619626983478,-0.3136698958060532,1.0441396396224687,1.4001878640808902,1.0031297650459352
479,PO-KO,Marczułajtis-Walczak,-1.2899031460366477,-0.6155568446074448,0.07488408805953663,0.2986573380273536,-1.4180510473767212,-1.1729249795230443,-1.1176528124856222,-0.14087381191510767,1.013249614576944
480,PO-KO,Marek,-1.3593437888512154,-1.0151040537641451,0.07804173379879349,0.3094223982015307,-1.490752057942343,-1.2366286339644414,-1.5286151007200204,-0.5158515838293729,1.0147116923851083
481,PO-KO,Krawczyk,-1.23118524315038,-0.013535390360029072,0.059913301659453445,0.21638149192770867,-1.332449126832984,-1.1365780391250164,-0.374226161261287,0.33746609552843887,1.0046065333033314
482,PO-KO,Lipiec,-1.1726453189386805,-0.2165416184024114,0.04969757179907104,0.21105291960798647,-1.2578703119260854,-1.0940182776183094,-0.5722832589006994,0.12161931273126218,1.008271721933379
483,PiS,Nowicka,0.8286392523962444,-0.021442279610282833,0.09601665015191947,0.37902699992324207,0.6828540020823524,1.0002175517572123,-0.6600341165045603,0.5870395642769684,1.0332936505022843
484,PiS,Rychlik,0.8054086542252238,0.06269984853346247,0.09041929667082466,0.3436725554691778,0.6678276691663692,0.9627700111993179,-0.5239926069488504,0.6213823772236865,1.0065575155102515
485,PiS,Skwarek,0.9866151538294166,-0.10332963982417566,0.13263263067753037,0.4392372586074233,0.7905915019217827,1.2286023456407404,-0.8531900850850855,0.5824085979662373,1.0315537292395354
486,PiS,Müller,0.8368586900352358,-0.19235261530425604,0.10677269563843318,0.4065699980306958,0.6726859400259334,1.019633306326745,-0.8883555883628008,0.4648192283001107,1.0240030717497945
487,PiS,Badora,1.1202095341088143,-0.3683725215907441,0.23549342814636093,0.619367708213552,0.7827348380267957,1.535882462102317,-1.4241043796976642,0.6015858254883863,1.0297857684973672
488,PiS,Cichosz,0.8001597773139829,-0.1834140828325159,0.15409211948656343,0.45436101430432596,0.5747970669008722,1.0833517370899477,-0.9518548751691598,0.5421213100857678,1.0086042499408867
489,PiS,Ciebiada,1.1795182748417963,-0.38198048347247365,0.25919957703733526,0.6308039945067742,0.7988061277884722,1.653574984815976,-1.4733571166758885,0.6030152202008919,1.0235516477044062
490,PiS,Dutkiewicz,1.142199854375694,-0.30067652197237854,0.25194218170617266,0.6122347816742197,0.7740629770534379,1.6090781571185186,-1.3522706594897944,0.6598220448364106,1.0457511825160353
491,PiS,Kozik,1.1623823106229643,-0.26497116277860616,0.266401089679758,0.6554283197807641,0.7992077307206579,1.6698187545624286,-1.3963267549533112,0.764997696240569,1.0258317184693326
492,PO-KO,Ławrynowicz,-1.2722344869838766,-0.7506472460116052,0.09534683820197694,0.496577315142102,-1.4382461205108898,-1.127989350778259,-1.5810251797075838,0.05378369733575993,1.0091977404080226
493,PSL-KP,Mazowiecki,-0.7904131435024255,1.0422844869639114,0.04703521710867601,0.21706916346098368,-0.8703916190247586,-0.7153432296928535,0.6875668793356989,1.3996309410963408,1.0038954048927367
494,PiS,Mucha,1.02007106790548,-0.6329431895965828,0.2137026272481618,0.6227840810561411,0.7144874515681819,1.4205052042843462,-1.7361817254390635,0.32910276252536286,1.0083892835144914
495,PiS,Naszkiewicz,1.018966833401488,-1.0420291299049689,0.21265777808339525,0.5793726162094849,0.7115115571939511,1.4010829289529048,-2.054384433415942,-0.14193246792423228,1.015677133394286
496,PiS,Nowak,0.6773000558890562,0.26453486324147973,0.10751977045964738,0.42030979673825275,0.5144481512494907,0.8688822626938075,-0.443535018722436,0.9407701933926411,1.0083562463377884
497,PiS,Płonka,1.1663839258720883,-0.40543435509753617,0.26830395064565227,0.6556866696612917,0.7905020251401825,1.6532819941867232,-1.5513996853463259,0.6142775449561576,1.0356568064290717
498,PiS,Sasin,1.004133648210619,-0.5958234034080649,0.20114060669838327,0.6075723804556729,0.7095482615614913,1.361160701997873,-1.6508310928828285,0.34704578016648446,1.025904730754975
499,PiS,Śnieżek,0.9825621000713665,-0.19513184345999393,0.1880277647239227,0.5600587882163609,0.7040599194769304,1.3159203324594644,-1.1514263258079884,0.6984993414518342,1.00273834542449
500,PSL-KP,Walkowski,-0.7944921216230832,1.2234822640939682,0.047907493385253255,0.2135110935799477,-0.8752061264362848,-0.7173740894887243,0.8796047697064151,1.5764478363225511,1.001308276065721
501,PiS,Wnorowski,1.1385465084055029,-0.3196272446313284,0.3116039256530509,0.6569504567360123,0.71773150583822,1.7299987149124878,-1.4541901689624328,0.7134342707630758,1.030715179523182
502,PiS,Soin,1.1623128340665276,-0.15933019778010046,0.2681878847131235,0.6037784275559701,0.7727337196720894,1.6520430642224484,-1.2149427687010128,0.765929105009471,1.050225457915532
503,PiS,Kałaska,1.1915066450995468,-0.39571158824509334,0.26266999646470957,0.646352207572132,0.8216298006904739,1.6917376624085692,-1.51599916787196,0.6024475629510148,1.0413844865431277
504,PO-KO,Dąbrowska,-1.230499117901853,-0.004581154281256426,0.1067167411401054,0.4322854519334258,-1.4239449362409375,-1.0724683408840425,-0.7304568718524036,0.6926487068213135,1.002044412313792
505,niez.,Kubik,0.07891659749101318,0.0848627914312936,0.27556476500412097,0.9741600093529882,-0.3498644289932534,0.5594439435551416,-1.517200415191039,1.6957856094584813,1.000363151226448
