mp_id,club,last_name,dim1,dim2
1,PiS,Adamczyk,1.1299404592389632,-0.47595047075372116
2,KO,Adamowicz,-0.9694590687712374,-0.003943612620874
3,PiS,Andruszkiewicz,1.0457328898485383,0.017937995456965325
4,PiS,Andzel,1.141224772107276,-0.5586249364515631
5,PiS,Arciszewska-Mielewczyk,1.1571321610061123,-0.13346410120280283
6,Demokracja,Ardanowski,0.8014817460058148,0.7169005505211123
7,PiS,Arent,1.1926880125948098,-0.49643299971311516
8,KO,Arłukowicz,-0.9212550114739793,-0.40011147760716326
9,PiS,Ast,1.1594087037218712,-0.5369162561124575
10,KO,Augustyn,-1.0151716725668551,0.029455130005456902
11,PiS,Babinetz,1.2038488277955899,-0.44010847577437967
12,PiS,Bartosik,1.127280208743225,-0.23912066916145283
13,PSL-TD,Bartoszewski,-0.9840291584307761,0.47851705003664163
14,PiS,Bartuś,1.2180209848821293,-0.5705096373845134
15,PSL-TD,Bejda,-1.0283040876422467,0.6056610559472217
16,Konfederacja,Berkowicz,0.3976175608886511,3.967293344119977
17,KO,Bielawska,-1.0208925427128892,-0.010709084417065586
18,PSL-TD,Biernacki,-1.0021197593625442,0.7437666508275941
19,KO,Bliźniuk,-0.9538178778617411,-0.07140079440947694
20,PiS,Błaszczak,1.2059178150573184,-0.5933657794115712
21,KO,Bochenek,-1.026661374715017,0.0006211586512082266
22,PiS,Bochenek,1.2032752570368597,-0.5562847299930073
23,Centrum,Bodnar,-0.7985676791562752,0.06372989609360613
24,PiS,Bogucki,1.041107537017655,0.10722798929803236
25,PiS,Bogucki,1.2233070689210024,-0.32241396071120737
26,KO,Bojarski,-1.010759670477848,-0.011115360762131729
27,PiS,Borowiak,1.2137153288447762,-0.5746518724870784
28,PiS,Bortniczuk,1.2229668124618402,-0.39838619064456104
29,KO,Borys,-0.9066856437182141,-0.05739242551002577
30,PiS,Borys-Szopa,1.1875250040986127,-0.5480531846041383
31,KO,Bosacki,-0.9338239376216856,-0.043939206076111445
32,Konfederacja,Bosak,0.5756354105528232,4.550725212056319
33,Konfederacja,Bosak,0.6035392194246862,4.740610351330354
34,Konfederacja,Braun,0.5756028108229398,3.055070899220141
35,KO,Brejza,-0.9801185019691449,-0.29043533391882104
36,Polska2050,Buczyńska,-0.7544889566014452,0.03260036498183351
37,PiS,Buda,1.2054591364218568,-0.24268597002646322
38,KO,Budka,-0.6833519562092759,-0.31716943753060045
39,Centrum,Burkiewicz,-0.6593580792532258,-0.1286448849961436
40,PiS,Burzyńska,1.2510717567078609,-0.6398478200091307
41,KO,Chmielewski,-1.0267328922340897,-0.003423563521238949
42,PiS,Chmielowiec,0.9560670844447076,-0.03339761068275243
43,PiS,Chojecki,1.165166764210196,-0.328986625310025
44,PiS,Choma,1.181789843608222,-0.07461242092262123
45,PiS,Chorosińska,1.0380919230630634,-0.17405959522100198
46,PiS,Chrzan,1.0324615161101613,-0.12326848664452812
47,KO,Chybicka,-0.9629253554734177,-0.1334586424110598
48,PiS,Cicholska,1.153126295402387,-0.08897444797220076
49,KO,Cichoń,-0.9206650546540842,-0.07681942090764916
50,PiS,Ciecióra,0.9983106166630886,-0.025156247721773634
51,PiS,Cieszyński,0.8192481856362303,-0.19831588671641204
52,PiS,Cieślak,1.061584039535045,0.10382763515347673
53,Centrum,Cwalina-Śliwowska,-0.7579358623825283,0.023685618536955562
54,PiS,Czarnecki,1.174164541794324,-0.4491036102631385
55,PiS,Czarnecki,1.2223475895504115,-0.6764108751492559
56,PiS,Czarnek,1.0807533555944693,0.15723211536517664
57,PiS,Czartoryski,1.0917170073366707,-0.33302955022870684
58,Lewica,Czarzasty,-0.7910746972738592,-1.3514338540800546
59,Lewica,Czerniak,-0.8412480582555829,-1.380901146129487
60,KO,Czernow,-1.0356637531300297,0.004230910621129215
61,PiS,Czerwińska,1.2015717346323265,-0.5946177883494402
62,PiS,Czochara,1.1126111986502223,-0.12546643405564536
63,Centrum,Ćwik,-0.7340009384358039,-0.025811907959415067
64,PiS,Dajczak,1.1829272278451008,-0.10971876106746781
65,PiS,Dąbrowska-Banaszek,1.0792837691438801,-0.37750500015383825
66,PiS,Dolata,1.0529277761480502,-0.13883331022230172
67,KO,Dolniak,-1.0233771744874034,-0.0027611505115228323
68,KO,Domański,-1.041948266264509,-0.058378380895681446
69,PiS,Dorywalski,1.1783044122097521,0.005445673420631712
70,KO,Dowhan,-0.7212312846335098,0.050935800620619316
71,PiS,Drabek,1.1776243420939623,-0.4889662300493431
72,PiS,Duda,1.1388469377846955,-0.2584444087021184
73,PiS,Dworczyk,1.1867068910902396,-0.46266901465671156
74,PSL-TD,Dziedzic,-0.912274842864714,0.46002515221519147
75,PiS,Dziedziczak,1.2499224023782574,-0.6405935454390785
76,Lewica,Dziemianowicz-Bąk,-0.7760194355775212,-1.374327778228885
77,KO,Filiks,-0.8645384756379062,-0.05834212341086496
78,PiS,Filipek-Sobczak,1.1994418271476135,-0.38400344985454027
79,PiS,Fogiel,1.113929036572373,-0.4528593394691124
80,Konfederacja,Foltyn,0.5199504504726578,4.57847571639038
81,Konfederacja_KP,Fritz,0.7577389802213251,5.657152899353785
82,KO,Frydrych,-0.9962044680885299,-0.008674767141225913
83,KO,Frysztak,-0.9511098235060176,-0.0887882174223667
84,KO,Gabriel,-0.9124677266520113,-0.13664103287470097
85,KO,Gadowski,-0.956748674015105,-0.033950791171681816
86,KO,Gajewska,-1.0197758153514125,-0.003935264293202115
87,KO,Gajewska,-1.0195126703639756,-0.008128344937435854
88,KO,Gapińska,-0.96703321647288,-0.05583068441085594
89,KO,Gasiuk-Pihowicz,-0.9506143932397172,-0.3772117657248832
90,Lewica,Gawkowski,-0.7233274573830882,-0.9895247477219266
91,KO,Gawlik,-0.9633369186662889,0.01831730097726748
92,PiS,Gawron,1.0565820512466266,0.08534206097075557
93,PiS,Gaża,1.127211161275585,0.033436430903773975
94,KO,Gelert,-0.9665628478085959,-0.05350006171514479
95,PiS,Gembicka,0.9721044064590489,-0.3453053112127729
96,KO,Gierada,-0.9389571754981745,-0.08471329092733622
97,KO,Giertych,-0.9623569372934357,-0.06995616507214997
98,KO,Giziński,-0.9812878539237371,-0.033951545186791825
99,PiS,Giżyński,1.1349828259038115,-0.3185335680193685
100,PiS,Gliński,1.2088152937890526,-0.5971902586132228
101,KO,Głogowski,-0.963588407475453,-0.06721110385385669
102,KO,Głowski,-0.9919230385493786,0.0016053230452733529
103,KO,Golbik,-0.9918323876972106,0.008294510983156428
104,PiS,Golińska,1.2107005197232341,-0.504727843317919
105,PiS,Gołojuch,1.038098213708902,-0.1353735992424096
106,Polska2050,Gomoła,-0.7493319287293277,-0.08448504958997263
107,PiS,Gontarz,1.1371710337688503,-0.33359610269822176
108,KO,Gorczyca,-0.8357968167735542,0.008213204309597256
109,PiS,Gosek,1.0207666045556256,0.11038365217004409
110,Lewica,Gosek-Popiołek,-0.6700472702355565,-1.4012418727525258
111,PiS,Gosiewska,1.2116980832664472,-0.5481189862961167
112,Polska2050,Górnikiewicz,-0.7070857740952652,0.013167696946832251
113,PiS,Górska,1.2142586698779088,0.08635885775524983
114,KO,Grabczuk,-1.0228277066620939,-0.006028094703971349
115,KO,Grabiec,-0.927763682000765,0.009992450807700415
116,PiS,Grabowski,1.2107332020111148,-0.22735928776645836
117,Polska2050,Gramatyka,-0.7566759818461724,0.050992646185851906
118,KO,Gromadzka,-1.0005485114538024,0.07150133863925164
119,PiS,Gróbarczyk,1.2238388354615553,-0.5531273732959308
120,PSL-TD,Grzyb,-0.967029447947241,0.8470592820275666
121,PiS,Gut-Mostowy,1.1883862823049265,-0.34752022299572205
122,PiS,Gwiazdowski,1.1444155969672056,-0.28952613926541965
123,PiS,Gwóźdź,1.1658851973925062,-0.3493496742291775
124,KO,Gzik,-1.0236065535628802,-0.029143212188645386
125,KO,Habura,-0.9809127631493927,-0.07953086769233866
126,KO,Hanajczyk,-1.0094756883106104,-0.04269619715859381
127,KO,Hartwich,-1.0226315000238708,-0.004568940163282793
128,Centrum,Hennig-Kloska,-0.779883608731238,-0.029838910774493414
129,PSL-TD,Hetman,-0.7399555696811838,0.09758164024763571
130,PiS,Hoc,1.1747270537105223,-0.43755743173124567
131,PiS,Hoffmann,1.2523445160444702,-0.5727415183324082
132,KO,Hok,-1.0176365154280527,-0.008947065834659923
133,Polska2050,Hołownia,-0.7010536133928236,-0.04200534869708687
134,PiS,Horała,1.272686747961653,-0.4681327537224918
135,KO,Horbatowski,-0.9799611251691424,-0.10728541762377848
136,PiS,Hreniak,1.198191206602975,-0.53987794103614
137,PiS,Jabłoński,1.0814055436140129,-0.11910554637883125
138,KO,Jachira,-0.7376662459975648,-0.6421323666471381
139,niez.,Jakubiak,0.7745867065165047,0.7782744196486232
140,KO,Janyska,-1.0112382149538661,-0.003525885050992815
141,KO,Jaros,-0.9731259645963232,0.02203740546191499
142,KO,Jaskulski,-0.9392876515431129,-0.13941768770540444
143,KO,Jazłowiecka,-1.009173772531135,-0.020532985781060702
144,KO,Joński,-0.9233988532781339,-0.4168230609740455
145,niez.,Józefaciuk,-0.5058735727921236,-0.5211616551006503
146,PiS,Kaczmarczyk,1.0818383800502782,0.26952522135437784
147,PiS,Kaczyński,1.0995133366860097,-0.19463188296923917
148,PiS,Kaczyński,1.1468594971083974,-0.6262648399393929
149,PiS,Kaleta,1.0737670546336906,-0.20711940422030814
150,PiS,Kaleta,1.0578550345292432,-0.025154870949327217
151,PiS,Kałużny,1.1397546636748612,0.10315014204130658
152,PiS,Kamiński,1.123789125776538,-0.40302622141216726
153,KO,Kandyba,-1.022323412718524,0.10312617564880493
154,PiS,Kanthak,1.2086850540967133,-0.2597689357657902
155,PiS,Kapinos,1.1482273249355222,0.02506625471167258
156,KO,Karnowski,-1.0108921866700264,0.044025465779905244
157,KO,Karolewska,-0.9827935536349244,-0.03597725520798957
158,Centrum,Kasprzyk,-0.7660520440082588,0.03222960041840038
159,PSL-TD,Kiepura,-1.0262012994099876,0.5523751270921269
160,KO,Kierwiński,-0.682067529617714,-0.2889604140436104
161,KO,Kierzek-Koperska,-1.0265620957235406,-0.011566280997657902
162,PSL-TD,Klimczak,-0.8784111892543318,0.3523121471779927
163,KO,Kluzik-Rostkowska,-1.022343139162819,-0.0019364685801516782
164,PSL-TD,Kłopotek,-0.9879212682439655,0.4635407836259679
165,PiS,Kmita,1.1683321878026474,-0.3327786425915995
166,Polska2050-TD,Kobosko,-0.993981422506969,-0.00421700734810269
167,PiS,Koc,1.1450892152560057,-0.02434280108809208
168,KO,Kołodziej,-0.9943216187303273,-0.013993147565305968
169,KO,Kołodziejczak,-0.988409001067494,-0.006801960935422039
170,KO,Kołodziejczak,-0.8923977936073723,0.016862982096682643
171,Centrum,Komarewicz,-0.7760442975274487,-0.05679077771783037
172,Razem,Konieczny,-0.1462101956306306,-1.2616973105745435
173,KO,Konwiński,-1.0103838664514866,-0.007779268219893499
174,PSL-TD,Kosiniak-Kamysz,-0.911528501487298,0.43534850507137735
175,KO,Kostuś,-1.026683659039266,0.0006878377233742608
176,PiS,Kosztowniak,1.2170407583654563,-0.516110352390522
177,Lewica,Kotula,-0.8003035644028764,-1.463090695037688
178,KO,Kowal,-0.946342703189964,-0.015180237171089647
179,PiS,Kowalczyk,1.2359973497850412,-0.5551028113629689
180,niez.,Kowalski,0.9059920826252268,0.27178889789126043
181,PiS,Kownacki,1.1265866996329164,-0.29344324290009777
182,KO,Kozłowska,-1.020937359775709,-0.0053893613489753205
183,PSL-TD,Krajewski,-0.9470257020678258,0.49637529228524213
184,PiS,Krajewski,1.138072141935501,-0.2767609431517697
185,PiS,Krasulski,1.1914339681179034,-0.5673220823761967
186,KO,Krawczyk,-0.9656665380640631,-0.04901565872831918
187,KO,Krawczyk,-1.0055266988433635,0.0006744542812906553
188,KO,Kropiwnicki,-1.0387102052254042,0.007559537426609572
189,PiS,Król,1.1757538814288329,-0.4734811037870817
190,KO,Król,-1.0225748576775966,-0.004281393891321959
191,PiS,Krupka,1.1193132709824396,-0.44842586255257255
192,PiS,Kryj,1.1606868327436217,-0.39787367949467284
193,PiS,Krystian,1.0619055947382068,-0.015522539103932444
194,KO,Krząkała,-1.0259867147521564,-0.0034252955640427314
195,KO,Krzemiński,-1.0213392918784197,-0.00810312079257732
196,KO,Krzywonos-Strycharska,-0.9253199372920429,-0.072839332880593
197,PiS,Kubów,1.1559270130652657,-0.47047623577702186
198,Lewica,Kucharska-Dziedzic,-0.8242929203154973,-1.3335176685173051
199,PiS,Kuchciński,1.144154583016843,-0.5305375861640855
200,Demokracja,Kukiz,0.509630290232399,1.5788397260955942
201,Lewica,Kulasek,-0.7862390501806881,-1.269406878721323
202,PiS,Kurowska,1.0113646941667114,0.39071441272393315
203,PiS,Kurowski,1.0671713076812794,-0.1448172752302691
204,PiS,Kuźmiuk,1.0955301223608584,-0.38280191231592686
205,PiS,Kwiecień,1.0118501261566715,-0.1979843879468279
206,KO,Lachowicz,-0.9533803321196282,0.01360570862757462
207,KO,Lamczyk,-0.9097516036513167,0.011939273660652446
208,KO,Lasek,-1.0175068343339344,-0.016672194551190126
209,KO,Lenartowicz,-0.995062972605738,-0.0047548630346753995
210,PiS,Leniart,1.1073972275274142,-0.2617222892812606
211,Centrum,Leo,-0.788544863219978,-0.04399778788992946
212,KO,Leszczyna,-0.9166551949148264,-0.01081081311223184
213,PiS,Lichocka,1.088075125517626,-0.49065262529152764
214,PiS,Lipiec,1.0561273701555385,-0.2739737044284987
215,Lewica,Litewka,-0.8109019429885487,-1.4042446362222487
216,PiS,Lorek,1.1779081078043985,0.06080019524420201
217,PSL-TD,Lubczyk,-0.970273926406991,0.5405701993060064
218,KO,Lubnauer,-0.9603161468865401,-0.045828257774429615
219,Polska2050,Luboński,-0.7302181738671173,0.036083097633180385
220,KO,Łącki,-0.9940966376903825,0.02867937368391519
221,KO,Łepkowska-Gołaś,-0.9387414017704794,-0.07745039453913538
222,KO,Łoboda,-1.0162055624484114,-0.013833489405274941
223,KO,Łuczak,-1.0218505474465043,-0.005572748388222764
224,PiS,Łukaszewicz,1.062679533776781,0.07721195680719237
225,PiS,Machałek,1.1047744629363554,-0.4125777724495788
226,PiS,Macierewicz,1.174520479514544,-0.4265652916566272
227,PiS,Maląg,1.258374739255176,-0.7557703316615783
228,PiS,Malik,1.1803338994539738,-0.5872673680000084
229,PSL-TD,Maliszewski,-1.0401525941871983,0.6514807780417964
230,PiS,Małecki,1.087867612198511,-0.3360792568879754
231,KO,Marchewka,-0.9922622854567965,-0.012779619599026007
232,KO,Marczułajtis-Walczak,-0.9037378869572559,-0.4458478392849528
233,KO,Marek,-1.0272822116749536,0.004894912044629149
234,PiS,Matecki,0.9825171200856909,0.3881632024915001
235,PiS,Materna,0.9613054927680126,0.19758530785047068
236,PiS,Matusiak,1.1081275216076156,-0.29723147832644226
237,KO,Matusik-Lipiec,-0.952408371624877,-0.14005431103715715
238,PiS,Matuszewski,1.1798032095837816,-0.41268183462654145
239,niez.,Matysiak,-0.09110840450508685,-1.1848870956730273
240,niez.,Mejza,1.0700567960572605,-0.16074941992810313
241,Konfederacja,Mentzen,0.42082084580218,4.499634159950643
242,PiS,Milczanowska,1.0893441004251974,-0.325251610766724
243,PiS,Milewski,1.0694005952973886,-0.307476274856357
244,KO,Miller,-0.9418452018352177,-0.27109315205008333
245,KO,Miszalski,-0.9085781185940177,-0.37262438256215424
246,PiS,Morawiecki,1.0936010094169377,-0.2882255027351814
247,PiS,Mosiński,1.2110512004298704,-0.47456824401772063
248,PiS,Moskal,1.1315466794176254,-0.18828707136549186
249,KO,Mroczek,-0.8788705321479502,-0.11589636187540706
250,PiS,Mrówczyński,1.184109263437963,-0.4774501814416275
251,KO,Mrzygłocka,-0.9402480087574036,-0.10054867974719849
252,niez.,Mucha,-0.741167042429613,-0.04777010216299158
253,PiS,Mularczyk,1.2869581021556602,-0.7210809672289972
254,Konfederacja,Mulawa,0.5632726393622444,4.725773472004012
255,PiS,Müller,1.2002588359316047,-0.6708240137483764
256,KO,Myrcha,-0.9318384337049149,-0.16222116319531274
257,KO,Napieralski,-0.9860624919691274,0.0018485067531304638
258,KO,Niedziela,-0.9676189718996552,-0.06085898091172269
259,KO,Niedźwiedzki,-0.9009055991517764,-0.10950955082474621
260,KO,Niemczyk,-0.9542766976047362,0.015657918502950414
261,KO,Niezgodzka,-0.9937073487461616,-0.013936559004650587
262,KO,Nitras,-0.8511196180389774,-0.12779975982706784
263,KO,Nowacka,-0.8883340308537291,-0.1088106631264259
264,Polska2050,Nowak,-0.7372613818639525,0.006648987298429324
265,KO,Nowak,-0.9919176642892055,-0.002630359768990236
266,Lewica,Nowicka,-0.8029459162971558,-1.4103567743635257
267,PSL-TD,Nowogórska,-0.9972541515112013,0.9667624934606872
268,KO,Nykiel,-0.9553916996745181,-0.40733227468220484
269,PiS,Ociepa,1.0973159000299182,-0.22643744257346746
270,KO,Okła-Drewnowicz,-0.9002978341650492,-0.08992234983559153
271,Centrum,Okuła,-0.750225973857337,-0.006416612738344389
272,Centrum,Oliwiecka,-0.7399131053487914,-0.01772325503420571
273,Lewica,Olko,-0.7254230460366891,-1.4662731872143628
274,KO,Olszewski,-0.9818749043001351,-0.012453110480455835
275,PSL-TD,Orliński,-0.9955120674082238,0.5148523542518558
276,Polska2050,Osmalak,-0.7611733804997379,0.07454613950985842
277,KO,Osos,-0.9386725555334738,-0.052474699502161035
278,PiS,Osuch,1.1267578751960126,-0.46916980728916813
279,PiS,Ozdoba,1.16797620326283,0.2558722155983813
280,PiS,Pamuła,1.0856435713175252,-0.20665334771799143
281,KO,Papke,-0.948811905871964,-0.09212224522377699
282,PSL-TD,Pasławska,-0.8828890796764185,0.4226788514231492
283,PSL-TD,Paszyk,-0.8571021914754056,0.41045166237530073
284,KO,Pawliczak,-1.002947606952309,0.01847835255078672
285,Konfederacja,Pejo,0.4767373141471109,4.684303861514289
286,Centrum,Petru,-0.7688205253526923,-0.03878773890244856
287,KO,Pępek,-1.0243384340747468,-0.005977985517718785
288,PiS,Piecha,1.0889490044619723,-0.2661828866529501
289,PiS,Piechowiak,1.1131291264659722,-0.05908632608735636
290,PiS,Pieczarka,1.2058048479680243,-0.44771209890548247
291,KO,Piekarska,-0.9332742843417509,-0.0594009688184838
292,Centrum,Pietrykowski,-0.6907212273399516,-0.028583925816590024
293,KO,Pietrzczyk,-1.0207668090667166,-0.006835139840789199
294,PiS,Piontkowski,1.1573862232113388,-0.3041834030983017
295,KO,Plocke,-0.9518495117540937,-0.026747767717247226
296,Konfederacja,Płaczek,0.5790800009108503,4.776504464064276
297,PiS,Płażyński,1.1029785191368346,-0.3220540858874624
298,PiS,Pogoda,1.1815042211731097,-0.41867983150673915
299,PiS,Polaczek,1.172633102753198,-0.5465105657562072
300,KO,Polak,-1.0212249495627825,-0.005381279096526641
301,PiS,Polak,1.0795468692286045,-0.29007768014177043
302,KO,Pomaska,-0.9608024795826762,0.005690680153573331
303,PiS,Porzucek,1.065773509094931,-0.3901918834710017
304,KO,Protas,-0.8954384549356527,-0.4262104077986567
305,PiS,Przydacz,1.1603698797539566,-0.4645081443993618
306,PiS,Puda,1.2230330125614781,-0.5928683777917364
307,PSL-TD,Pyrzyk,-0.9915862290157272,0.5263603748006199
308,KO,Rak,-0.9934521667693754,-0.014604199022779384
309,PSL-TD,Raś,-0.9652310220708464,0.9022028105886204
310,PiS,Rau,1.1732571028065624,-0.5576821432581823
311,PiS,Romanowski,1.0352248853648802,0.5339058824461916
312,Polska2050,Romowicz,-0.637837006928889,-0.04817138876992568
313,KO,Rosa,-0.949710823764549,-0.04626230578512588
314,PSL-TD,Różyński,-0.9526397927827948,0.5524713745908836
315,PiS,Rusecka,1.2201903329653019,-0.6105193072172576
316,KO,Rusiecki,-0.9802302002842374,-0.3294985999523967
317,KO,Rutnicki,-0.8821853860469128,-0.013430411852845747
318,PiS,Rychlik,0.9986295135296249,-0.13820398333222514
319,KO,Rząsa,-0.8399041280636598,-0.0719771580454914
320,PSL-TD,Rzepa,-0.8275926292395459,0.3434940047783107
321,Demokracja,Sachajko,0.7445507746867301,0.9609039040747309
322,PiS,Sałek,1.0667608560006978,-0.03638992936546667
323,KO,Saługa,-0.901520030991305,-0.419208134400264
324,PSL-TD,Samborski,-0.8987775541739063,0.44746575944670647
325,PiS,Sasin,1.1998655117941373,-0.4063629908519562
326,PSL-TD,Sawicki,-0.9133679040280998,0.8667881893167302
327,Polska2050,Schädler,-0.7400171915447152,0.007864924234454609
328,Lewica,Scheuring-Wielgus,-0.8636716582319127,-1.058188809603919
329,PiS,Schmidt,1.0568398277128468,-0.3630429106912358
330,PiS,Schreiber,1.1640251168648883,-0.46040216014640895
331,PiS,Sellin,1.22703035491739,-0.5327834259664938
332,PiS,Semeniuk-Patkowska,1.1443377721257584,-0.12159270948469932
333,PiS,Siarka,0.9808139698723579,-0.052380590185131845
334,KO,Sibińska,-0.9726613278351715,0.03312749643507512
335,PSL-TD,Siekierski,-0.9709553234227002,0.504606568238607
336,KO,Siemaszko,-0.9394222782221974,0.06913396201111717
337,KO,Siemoniak,-0.9376710992531402,0.008072629100636258
338,KO,Sienkiewicz,-0.911184715487747,-0.3790965450589727
339,Lewica,Sikora,-0.7793898552014631,-1.179325633605114
340,Konfederacja_KP,Skalik,0.7131518850952355,5.031747959381004
341,Centrum,Skonieczka,-0.7724162650520782,-0.0027691752797708593
342,KO,Skowrońska,-0.9315135628071599,-0.02135559320701247
343,PiS,Skwarek,1.1365537693651349,-0.1187689126980197
344,KO,Sługocki,-1.0139579145249866,-0.007418711432295853
345,KO,Smarduch,-0.9722180364385352,0.013554528116475239
346,PiS,Smoliński,1.1113723037485432,-0.3383870158521437
347,KO,Sobolak,-0.8719341867629287,-0.16277236391882915
348,PiS,Sobolewski,1.1390456870822583,-0.3114294558267601
349,PiS,Soboń,1.406849931105007,-0.219460084724956
350,PiS,Soin,1.2077884311174847,-0.5355717904282515
351,PSL-TD,Sosnowski,-1.037840716226871,0.9608276272963624
352,KO,Sowa,-0.9007385996981684,-0.15439143047938514
353,PiS,Sójka,1.1116997784265945,0.02141389541588732
354,PSL-TD,Sroka,-1.0230507213966555,0.5185071343540185
355,PiS,Stachowiak-Różecka,1.1738062695889493,-0.5773436304318297
356,PiS,Stefaniuk,1.1549873833372488,0.08031334708321837
357,KO,Sterczewski,-0.7533236864841494,-1.0052879951747835
358,Polska2050,Strach,-0.7264613268338048,0.029424514391134818
359,Centrum,Suchoń,-0.742116065920677,-0.04771983940047703
360,PiS,Suski,1.0862487039117366,-0.3953948535013663
361,KO,Suski,-0.9977923883816536,0.004708966626260098
362,PiS,Szałabawka,1.2008769894340183,-0.1331447455945134
363,PiS,Szarama,0.9409183264502373,0.15287906711059732
364,Lewica,Szczepański,-0.7946619403648126,-1.3620298282388823
365,KO,Szczerba,-0.8904580857445324,-0.36989933183313983
366,PiS,Szczucki,1.1912000692992657,-0.33388928893288816
367,PiS,Szczurek-Żelazko,1.103510605146615,-0.26976441099792114
368,PiS,Szefernaker,1.223506149841706,-0.49308262789095963
369,Lewica,Szejna,-0.7706775713298929,-1.3701053254623123
370,KO,Szewiński,-0.9435591807732283,-0.07520815028913365
371,KO,Szłapka,-0.9401176254314964,0.0017473101290901962
372,KO,Szopiński,-0.9992357778005422,-0.008614781525785533
373,PiS,Szrot,1.1035961977868727,-0.341390204094197
374,KO,Szumilas,-0.9626355275339002,-0.044283934332011506
375,PiS,Szwed,1.1626406272921788,-0.48721259728491956
376,Centrum,Szymanowska,-0.7737759299948699,-0.052192858302792695
377,KO,Szymański,-0.9856053535778557,-0.004817606165534371
378,PiS,Szynkowski,1.1529964911703658,-0.4541518688643403
379,KO,Ściebiorowski,-0.9690250591943477,-0.010481939152477103
380,PiS,Ścigaj,1.0143425147831897,-0.3022530945941762
381,PiS,Śliwka,1.1381870119958195,-0.00525688011245293
382,Polska2050,Śliz,-0.7521257160806255,0.05718197818836958
383,Lewica,Śmiszek,-0.7642721377551063,-1.0043536828262694
384,PiS,Świat,1.179937786327295,-0.5409176867671326
385,KO,Tajner,-0.9896411018930238,-0.04333484221627443
386,PiS,Tchórzewski,1.1201065377306825,-0.46675395927640445
387,PiS,Telus,1.0792696414097296,-0.17125104909664945
388,PiS,Terlecki,1.2136590448122884,-0.59881660308873
389,Lewica,Tomaszewski,-0.7680385178498026,-1.1773756162247313
390,PSL-TD,Tomczak,-0.8856671220282409,0.8838977788443443
391,Polska2050,Tomczak,-0.7519786753674644,0.01446849674005009
392,KO,Tomczyk,-0.9759209443269562,0.05329646061621636
393,PSL-TD,Tomczyszyn,-1.0478422447023694,0.5710460089053426
394,KO,Tracz,-0.8076138498593856,-0.847744222575096
395,Lewica,Trela,-0.7964004486822462,-1.339122088381226
396,KO,Truskolaski,-0.993015225069815,0.00985822716862636
397,Konfederacja,Tuduj,0.5689349407043777,4.3586607054867645
398,PiS,Tułajew,1.0618764919101518,-0.1804587793116286
399,Konfederacja,Tumanowicz,0.5045484860273498,3.8559787931061518
400,KO,Tusk,-0.9585009885540712,-0.010574360538693796
401,Konfederacja,Tyszka,0.3467105059516223,3.495755315102417
402,Lewica,Ueberhan,-0.7945346955010607,-1.4550274679173925
403,KO,Urbaniak,-1.0244494054593734,-0.0010153677368356477
404,PiS,Uruski,1.025802852914109,0.183842448443273
405,PiS,Uściński,1.1180807690615693,0.10405296006501336
406,KO,Wałęsa,-0.8889922025738483,-0.1933161139216765
407,PiS,Warchoł,1.1213197817202898,-0.06180142668057516
408,KO,Wardzała,-1.0194174903524698,-0.008516989005569962
409,PiS,Warwas,1.2304267182403505,-0.5505930805325563
410,PiS,Warzecha,1.0090089345046094,-0.1536334117403632
411,PiS,Wassermann,1.1826727517436195,-0.5272970137198906
412,Konfederacja,Wawer,0.6097494271715955,4.802599572165777
413,PiS,Wąsik,1.1962437249642999,-0.33704235009521116
414,KO,Wcisło,-0.653789147501045,-0.2746491165390151
415,PiS,Weber,1.1766550669544784,-0.4544827780764343
416,PiS,Wesoły,1.009308899946421,0.04452209366424935
417,Lewica,Wicha,-0.6578427224112406,-1.3168557582747742
418,PiS,Wicher,1.0675439217068976,0.023371339971785362
419,Lewica,Wieczorek,-0.8012462791312125,-1.3136527551560557
420,PiS,Wieczorek,1.1924308002322295,-0.4590785571902223
421,KO,Wielichowska,-0.9247868922469452,-0.04533106288994362
422,Konfederacja,Wilk,0.4489108778004625,4.540111754366927
423,PiS,Wilk,1.2036740070283867,-0.6155564065821933
424,Konfederacja,Wipler,0.3420026201955347,3.3912483428726152
425,KO,Uznańska-Wiśniewska,-0.9274949962403357,-0.2952375272020573
426,KO,Witczak,-0.9389958300301311,0.027558431161306705
427,KO,Witczak,-1.01055985598108,0.03561063567540024
428,PiS,Witek,1.2236892991095503,-0.580509019674986
429,KO,Witek,-0.9575851348936144,0.022086583590283093
430,Polska2050,Wnuk,-0.7399803851148707,0.06012026053041062
431,KO,Wojciechowska,-0.9653389389708243,-0.02662797569705753
432,PiS,Wojciechowska,1.0729628572481822,-0.20501590749820375
433,PiS,Wojtyszek,1.2452359788149738,-0.09797130188257448
434,KO,Wołoszański,-0.830211622581424,-0.1690311463905485
435,PiS,Woś,1.082933763839241,-0.034186689764723985
436,PiS,Woźniak,1.1011112407319885,-0.43914652933413706
437,PiS,Woźniak,1.1327583384052364,-0.23005597953689458
438,PiS,Wójcik,1.050440160301181,-0.16924720982988975
439,KO,Wróbel,-0.9883734641176543,-0.025462942270951167
440,PiS,Wróblewski,0.9584007800296241,0.30497616196130645
441,niez.,Zalewski,-0.7793789940044904,0.10174648184882341
442,Razem,Zandberg,-0.1487304683183759,-1.284743951499633
443,Konfederacja,Zapałowski,0.5953471125805817,3.696577798301912
444,KO,Zawieja,-0.9744106145540486,-0.025931687921195653
445,Razem,Zawisza,-0.14314689501858233,-1.2797101530529902
446,Konfederacja_KP,Zawiślak,0.7063726808722626,0.9816061176359986
447,KO,Zdrojewski,-0.9133181958259862,-0.3706232278924783
448,KO,Zembaczyński,-0.8495934939308787,-0.1560889748765988
449,PSL-TD,Zgorzelski,-0.8994732065012325,0.4714071805508977
450,PSL-TD,Ziejewski,-0.9691025034636448,0.4762983940453201
451,KO,Zielińska,-0.925505711239882,-0.6308295717574043
452,PiS,Zieliński,1.2087734331071347,-0.4906085629950014
453,PiS,Zieliński,1.1743191249096345,-0.3548995409012182
454,PSL-TD,Zięba-Gzik,-1.0552563534174104,0.5456510641943229
455,niez.,Zimoch,-0.7028200667912387,-0.3986067280082903
456,PiS,Ziobro,1.1798461743581934,0.05402858555342162
457,PiS,Zubowski,1.1974347217403318,-0.5285465046929695
458,PiS,Zyska,0.9521372935890188,-0.15617568242947735
459,PSL-TD,Żelazowska,-0.9143515098277311,0.5254667161202737
460,Lewica,Żukowska,-0.80334295865574,-1.3271794997442798
461,PiS,Baluch,1.1465522735024787,-0.3233858506556701
462,KO,Łośko,-1.0232536864679223,-0.0013466891003851593
463,PiS,Pawłowska,1.137186179608559,-0.5843577522740893
464,KO,Łuczak,-1.0100653001012434,-0.027332886643207287
465,KO,Jaśkowiec,-1.0284059094398006,-0.006448231180187533
466,KO,Masełko,-1.0128918973987069,0.0023802515063842053
467,KO,Stachowicz,-1.0269409885451835,-0.001402240399195774
468,PiS,Czechak,1.1859333300587773,-0.48501067028335365
469,KO,Grygorcewicz,-1.0326494229908116,-0.0036673431618105593
470,Polska2050,Hołownia,-0.7177664373878898,0.0006204811834304571
471,KO,Koszutska,-0.9620200377685846,0.06154134061057068
472,Lewica,Kowal,-0.8302775554629608,-1.428579699213526
473,PiS,Kowalski,0.9629867570449205,0.10695064570419861
474,KO,Koźlakiewicz,-0.9997720302455397,0.01256775922323773
475,KO,Królak,-1.0421149236053335,0.00235214730258545
476,PiS,Kulpa,1.1533562695777901,-0.46993020801512597
477,PiS,Macko,1.2625144604226637,-0.4900901596895745
478,KO,Meysztowicz,-0.9664387544259789,-0.02949085351443781
479,KO,Mieszkowski,-0.8849575603743958,-0.43693345051301496
480,PiS,Paluch,0.9560329214969313,-0.27274532412654323
481,KO,Piątkowski,-0.9902701198215553,0.015805111410246826
482,KO,Popielarz,-1.0349239887644675,0.002188627420564302
483,KO,Roguska,-0.9865469380908605,-0.03007822955490758
484,Razem,Stożek,-0.119865993920335,-1.3220625377775534
485,Konfederacja,Szymański,0.6031884322611868,4.743000814549695
486,PiS,Tomaszewski,1.199903457270902,-0.5431351103679843
487,KO,Tomczykiewicz,-0.9722958110895571,-0.0040645174281884
488,PiS,Krajewski,1.2274100803213277,-0.518222815675573
489,KO,Lisowska,-0.936679468341157,-0.05224842437303494
490,Konfederacja,Połuboczek,0.45810210592017775,2.9435194859100826
491,KO,Kot,-1.0039967415150086,0.006665921628594873
492,PiS,Romanowski,1.1435122227159413,0.030871118231979147
493,PSL-TD,Smolarz,-1.0059029323151063,0.6964200341616676
494,KO,Jagła,-1.027650145603426,-0.1010588991847339
495,PiS,Jach,1.0577594550274,-0.08067289831986857
496,PiS,Olbryś,1.1759803694177928,-0.5718024517897407
497,Demokracja,Rzymkowski,0.5312413944555847,1.1103242402266207
498,PiS,Subocz,1.17755085075948,-0.3857570246665038
499,Lewica,Borowiec,-0.7756695207848919,-1.3498211900173458
